create database bieren
go
use bieren
go

CREATE TABLE [Soorten](
	[SoortNr] [int] IDENTITY(1,1) NOT NULL,
	[Soort] [nvarchar](50) NOT NULL,
 CONSTRAINT [Soorten$PrimaryKey] PRIMARY KEY CLUSTERED 
(
	[SoortNr] ASC
)WITH (PAD_INDEX  = OFF, STATISTICS_NORECOMPUTE  = OFF, IGNORE_DUP_KEY = OFF, ALLOW_ROW_LOCKS  = ON, ALLOW_PAGE_LOCKS  = ON) ON [PRIMARY]
) ON [PRIMARY]
GO

CREATE TABLE [Brouwers](
	[BrouwerNr] [int] IDENTITY(1,1) NOT NULL,
	[BrNaam] [nvarchar](50) NOT NULL,
	[Adres] [nvarchar](50) NOT NULL,
	[PostCode] [smallint] NOT NULL,
	[Gemeente] [nvarchar](50) NOT NULL,
	[Omzet] [int] NULL,
 CONSTRAINT [Brouwers$PrimaryKey] PRIMARY KEY CLUSTERED 
(
	[BrouwerNr] ASC
)WITH (PAD_INDEX  = OFF, STATISTICS_NORECOMPUTE  = OFF, IGNORE_DUP_KEY = OFF, ALLOW_ROW_LOCKS  = ON, ALLOW_PAGE_LOCKS  = ON) ON [PRIMARY]
) ON [PRIMARY]
GO
SET ANSI_NULLS ON
GO
SET QUOTED_IDENTIFIER ON
GO
CREATE TABLE [Bieren](
	[BierNr] [int] IDENTITY(1,1) NOT NULL,
	[Naam] [nvarchar](100) NOT NULL,
	[BrouwerNr] [int] NOT NULL,
	[SoortNr] [int] NOT NULL,
	[Alcohol] [real] NULL,
	[SSMA_TimeStamp] [timestamp] NOT NULL,
 CONSTRAINT [Bieren$PrimaryKey] PRIMARY KEY CLUSTERED 
(
	[BierNr] ASC
)WITH (PAD_INDEX  = OFF, STATISTICS_NORECOMPUTE  = OFF, IGNORE_DUP_KEY = OFF, ALLOW_ROW_LOCKS  = ON, ALLOW_PAGE_LOCKS  = ON) ON [PRIMARY]
) ON [PRIMARY]
GO
ALTER TABLE [Bieren]  WITH NOCHECK ADD  CONSTRAINT [SSMA_CC$Bieren$Naam$disallow_zero_length] CHECK  ((len([Naam])>(0)))
GO
ALTER TABLE [Bieren] CHECK CONSTRAINT [SSMA_CC$Bieren$Naam$disallow_zero_length]
GO
ALTER TABLE [Brouwers]  WITH NOCHECK ADD  CONSTRAINT [SSMA_CC$Brouwers$Adres$disallow_zero_length] CHECK  ((len([Adres])>(0)))
GO
ALTER TABLE [Brouwers] CHECK CONSTRAINT [SSMA_CC$Brouwers$Adres$disallow_zero_length]
GO
ALTER TABLE [Brouwers]  WITH NOCHECK ADD  CONSTRAINT [SSMA_CC$Brouwers$BrNaam$disallow_zero_length] CHECK  ((len([BrNaam])>(0)))
GO
ALTER TABLE [Brouwers] CHECK CONSTRAINT [SSMA_CC$Brouwers$BrNaam$disallow_zero_length]
GO
ALTER TABLE [Brouwers]  WITH NOCHECK ADD  CONSTRAINT [SSMA_CC$Brouwers$Gemeente$disallow_zero_length] CHECK  ((len([Gemeente])>(0)))
GO
ALTER TABLE [Brouwers] CHECK CONSTRAINT [SSMA_CC$Brouwers$Gemeente$disallow_zero_length]
GO
ALTER TABLE [Soorten]  WITH NOCHECK ADD  CONSTRAINT [SSMA_CC$Soorten$Soort$disallow_zero_length] CHECK  ((len([Soort])>(0)))
GO
ALTER TABLE [Soorten] CHECK CONSTRAINT [SSMA_CC$Soorten$Soort$disallow_zero_length]
GO
ALTER TABLE [Bieren]  WITH NOCHECK ADD  CONSTRAINT [Bieren$BrouwersBieren] FOREIGN KEY([BrouwerNr])
REFERENCES [Brouwers] ([BrouwerNr])
GO
ALTER TABLE [Bieren] CHECK CONSTRAINT [Bieren$BrouwersBieren]
GO
ALTER TABLE [Bieren]  WITH NOCHECK ADD  CONSTRAINT [Bieren$SoortenBieren] FOREIGN KEY([SoortNr])
REFERENCES [Soorten] ([SoortNr])
GO
ALTER TABLE [Bieren] CHECK CONSTRAINT [Bieren$SoortenBieren]
GO


SET IDENTITY_INSERT [Soorten] ON

INSERT [Soorten] ([SoortNr], [Soort]) VALUES (2, N'Alcoholarm')
INSERT [Soorten] ([SoortNr], [Soort]) VALUES (3, N'Alcoholvrij')
INSERT [Soorten] ([SoortNr], [Soort]) VALUES (4, N'Ale')
INSERT [Soorten] ([SoortNr], [Soort]) VALUES (5, N'Alt')
INSERT [Soorten] ([SoortNr], [Soort]) VALUES (6, N'Amber')
INSERT [Soorten] ([SoortNr], [Soort]) VALUES (8, N'Bierette')
INSERT [Soorten] ([SoortNr], [Soort]) VALUES (11, N'Bitter')
INSERT [Soorten] ([SoortNr], [Soort]) VALUES (12, N'Donkerbok')
INSERT [Soorten] ([SoortNr], [Soort]) VALUES (13, N'Dort')
INSERT [Soorten] ([SoortNr], [Soort]) VALUES (14, N'Dubbel Donker')
INSERT [Soorten] ([SoortNr], [Soort]) VALUES (15, N'Edelbier')
INSERT [Soorten] ([SoortNr], [Soort]) VALUES (18, N'Extra')
INSERT [Soorten] ([SoortNr], [Soort]) VALUES (19, N'Faro')
INSERT [Soorten] ([SoortNr], [Soort]) VALUES (21, N'Gerstewijn')
INSERT [Soorten] ([SoortNr], [Soort]) VALUES (22, N'Geuze')
INSERT [Soorten] ([SoortNr], [Soort]) VALUES (25, N'Helderbok')
INSERT [Soorten] ([SoortNr], [Soort]) VALUES (26, N'IJsbier')
INSERT [Soorten] ([SoortNr], [Soort]) VALUES (31, N'Lambik')
INSERT [Soorten] ([SoortNr], [Soort]) VALUES (33, N'Lichtblond')
INSERT [Soorten] ([SoortNr], [Soort]) VALUES (34, N'Light')
INSERT [Soorten] ([SoortNr], [Soort]) VALUES (35, N'Mars')
INSERT [Soorten] ([SoortNr], [Soort]) VALUES (36, N'Massieve Ale')
INSERT [Soorten] ([SoortNr], [Soort]) VALUES (42, N'Pils')
INSERT [Soorten] ([SoortNr], [Soort]) VALUES (44, N'Rookbier')
INSERT [Soorten] ([SoortNr], [Soort]) VALUES (45, N'Saison')
INSERT [Soorten] ([SoortNr], [Soort]) VALUES (46, N'Scotch')
INSERT [Soorten] ([SoortNr], [Soort]) VALUES (49, N'Stout')
INSERT [Soorten] ([SoortNr], [Soort]) VALUES (51, N'Tafelbier')
INSERT [Soorten] ([SoortNr], [Soort]) VALUES (53, N'Tarwebier of witbier')
INSERT [Soorten] ([SoortNr], [Soort]) VALUES (54, N'Traditionele Faro')
INSERT [Soorten] ([SoortNr], [Soort]) VALUES (55, N'Traditionele Geuze')
INSERT [Soorten] ([SoortNr], [Soort]) VALUES (56, N'Traditionele Lambik')
INSERT [Soorten] ([SoortNr], [Soort]) VALUES (59, N'Tripel')
INSERT [Soorten] ([SoortNr], [Soort]) VALUES (60, N'Versnijbier')
INSERT [Soorten] ([SoortNr], [Soort]) VALUES (61, N'Vlaams Bruin')
INSERT [Soorten] ([SoortNr], [Soort]) VALUES (62, N'Vlaams Rood')
INSERT [Soorten] ([SoortNr], [Soort]) VALUES (64, N'West-Vlaamse Geuze')
INSERT [Soorten] ([SoortNr], [Soort]) VALUES (65, N'West-Vlaamse spontane Geuze')
SET IDENTITY_INSERT [Soorten] OFF
SET IDENTITY_INSERT [Brouwers] ON
INSERT [Brouwers] ([BrouwerNr], [BrNaam], [Adres], [PostCode], [Gemeente], [Omzet]) VALUES (1, N'Achouffe', N'Route du Village 32', 6666, N'Achouffe-Wibrin', 10000)
INSERT [Brouwers] ([BrouwerNr], [BrNaam], [Adres], [PostCode], [Gemeente], [Omzet]) VALUES (2, N'Alken', N'Stationstraat 2', 3570, N'Alken', 950000)
INSERT [Brouwers] ([BrouwerNr], [BrNaam], [Adres], [PostCode], [Gemeente], [Omzet]) VALUES (3, N'Ambly', N'Rue Principale 45', 6953, N'Ambly-Nassogne', 500)
INSERT [Brouwers] ([BrouwerNr], [BrNaam], [Adres], [PostCode], [Gemeente], [Omzet]) VALUES (4, N'Anker', N'Guido Gezellelaan 49', 2800, N'Mechelen', 3000)
INSERT [Brouwers] ([BrouwerNr], [BrNaam], [Adres], [PostCode], [Gemeente], [Omzet]) VALUES (6, N'Artois', N'Vaartstraat 94', 3000, N'Leuven', 4000000)
INSERT [Brouwers] ([BrouwerNr], [BrNaam], [Adres], [PostCode], [Gemeente], [Omzet]) VALUES (8, N'Bavik', N'Rijksweg 33', 8531, N'Bavikhove', 110000)
INSERT [Brouwers] ([BrouwerNr], [BrNaam], [Adres], [PostCode], [Gemeente], [Omzet]) VALUES (9, N'Belle Vue - Molenbeek', N'Henegouwenkaai 33', 1080, N'Sint-Jans-Molenbeek', NULL)
INSERT [Brouwers] ([BrouwerNr], [BrNaam], [Adres], [PostCode], [Gemeente], [Omzet]) VALUES (10, N'Belle Vue - Zuun', N'Steenweg naar Bergen', 1600, N'Sint- Pieters-Leeuw', NULL)
INSERT [Brouwers] ([BrouwerNr], [BrNaam], [Adres], [PostCode], [Gemeente], [Omzet]) VALUES (11, N'Belle Vue', N'Delaunoy-straat 58-60', 1080, N'Sint-Jans-Molenbeek', 300000)
INSERT [Brouwers] ([BrouwerNr], [BrNaam], [Adres], [PostCode], [Gemeente], [Omzet]) VALUES (12, N'Bie (De)', N'Stoppelweg 26', 8978, N'Watou', 280)
INSERT [Brouwers] ([BrouwerNr], [BrNaam], [Adres], [PostCode], [Gemeente], [Omzet]) VALUES (13, N'Binchoise', N'Faubourg St. Paul 38', 7130, N'Binche', 700)
INSERT [Brouwers] ([BrouwerNr], [BrNaam], [Adres], [PostCode], [Gemeente], [Omzet]) VALUES (14, N'Bios', N'Lindenlaan 25', 9940, N'Ertvelde', 40000)
INSERT [Brouwers] ([BrouwerNr], [BrNaam], [Adres], [PostCode], [Gemeente], [Omzet]) VALUES (15, N'Blaugies', N'Rue de la Frontiere 435', 7370, N'Blaugies', 280)
INSERT [Brouwers] ([BrouwerNr], [BrNaam], [Adres], [PostCode], [Gemeente], [Omzet]) VALUES (17, N'Bocq', N'Rue de la Brasserie 4', 5530, N'Purnode', 60000)
INSERT [Brouwers] ([BrouwerNr], [BrNaam], [Adres], [PostCode], [Gemeente], [Omzet]) VALUES (18, N'Boelens', N'Kerkstraat 7', 9111, N'Belsele', 300)
INSERT [Brouwers] ([BrouwerNr], [BrNaam], [Adres], [PostCode], [Gemeente], [Omzet]) VALUES (19, N'Boon', N'Fonteinstraat 65', 1502, N'Lembeek', 2350)
INSERT [Brouwers] ([BrouwerNr], [BrNaam], [Adres], [PostCode], [Gemeente], [Omzet]) VALUES (20, N'Bosteels', N'Kerkstraat 92', 9255, N'Buggenhout', 50000)
INSERT [Brouwers] ([BrouwerNr], [BrNaam], [Adres], [PostCode], [Gemeente], [Omzet]) VALUES (21, N'Brunehaut', N'Rue des Panneries 17', 7623, N'Brunehaut', 3800)
INSERT [Brouwers] ([BrouwerNr], [BrNaam], [Adres], [PostCode], [Gemeente], [Omzet]) VALUES (22, N'Cantillon', N'Gheudestraat 56', 1070, N'Anderlecht', 850)
INSERT [Brouwers] ([BrouwerNr], [BrNaam], [Adres], [PostCode], [Gemeente], [Omzet]) VALUES (23, N'Caracole', N'Cote Marie-Therese 86', 5500, N'Falmignoul', 350)
INSERT [Brouwers] ([BrouwerNr], [BrNaam], [Adres], [PostCode], [Gemeente], [Omzet]) VALUES (24, N'Caulier', N'Rue Sondeveille 134', 7600, N'Peruwelz', 1500)
INSERT [Brouwers] ([BrouwerNr], [BrNaam], [Adres], [PostCode], [Gemeente], [Omzet]) VALUES (25, N'Chimay', N'Rue de la Trappe 294', 6464, N'Forges-les-Chimay', 100000)
INSERT [Brouwers] ([BrouwerNr], [BrNaam], [Adres], [PostCode], [Gemeente], [Omzet]) VALUES (26, N'Clarysse', N'Krekelput 16-18', 9700, N'Oudenaarde', 15000)
INSERT [Brouwers] ([BrouwerNr], [BrNaam], [Adres], [PostCode], [Gemeente], [Omzet]) VALUES (27, N'Cnudde', N'Fabriekstraat 8', 9700, N'Eine', NULL)
INSERT [Brouwers] ([BrouwerNr], [BrNaam], [Adres], [PostCode], [Gemeente], [Omzet]) VALUES (28, N'Contreras', N'Molenstraat 115', 9890, N'Gavere', 2000)
INSERT [Brouwers] ([BrouwerNr], [BrNaam], [Adres], [PostCode], [Gemeente], [Omzet]) VALUES (29, N'Crombe', N'Hospitaalstraat 10', 9620, N'Zottegem', 1000)
INSERT [Brouwers] ([BrouwerNr], [BrNaam], [Adres], [PostCode], [Gemeente], [Omzet]) VALUES (30, N'Deca', N'Elverdingestraat 4', 8640, N'Woesten-Vleteren', 10000)
INSERT [Brouwers] ([BrouwerNr], [BrNaam], [Adres], [PostCode], [Gemeente], [Omzet]) VALUES (32, N'Dolle Brouwers', N'Roeselarestraat 12b', 8600, N'Esen- Diksmuide', 1200)
INSERT [Brouwers] ([BrouwerNr], [BrNaam], [Adres], [PostCode], [Gemeente], [Omzet]) VALUES (33, N'Domus', N'Tiensestraat 8', 3000, N'Leuven', 1000)
INSERT [Brouwers] ([BrouwerNr], [BrNaam], [Adres], [PostCode], [Gemeente], [Omzet]) VALUES (34, N'Dool', N'Eikendreef 21', 3530, N'Helchteren', 1500)
INSERT [Brouwers] ([BrouwerNr], [BrNaam], [Adres], [PostCode], [Gemeente], [Omzet]) VALUES (35, N'Drie Fonteinen', N'H. Teirlinckplein 3', 1650, N'Beersel', 180)
INSERT [Brouwers] ([BrouwerNr], [BrNaam], [Adres], [PostCode], [Gemeente], [Omzet]) VALUES (36, N'Dubuisson', N'Chaussee de Mons 28', 7904, N'Pipaix', 15840)
INSERT [Brouwers] ([BrouwerNr], [BrNaam], [Adres], [PostCode], [Gemeente], [Omzet]) VALUES (37, N'Dupont', N'Rue Basse 5', 7904, N'Tourpes-Leuze', 6000)
INSERT [Brouwers] ([BrouwerNr], [BrNaam], [Adres], [PostCode], [Gemeente], [Omzet]) VALUES (38, N'Duwac', N'Rue des Rossignols 20', 7700, N'Mouscron', 900)
INSERT [Brouwers] ([BrouwerNr], [BrNaam], [Adres], [PostCode], [Gemeente], [Omzet]) VALUES (39, N'Duysters', N'Michel Theysstraat 58 a', 3290, N'Diest', NULL)
INSERT [Brouwers] ([BrouwerNr], [BrNaam], [Adres], [PostCode], [Gemeente], [Omzet]) VALUES (40, N'Ellezelloise', N'Guinaumont 75', 7890, N'Ellezelles', 1000)
INSERT [Brouwers] ([BrouwerNr], [BrNaam], [Adres], [PostCode], [Gemeente], [Omzet]) VALUES (41, N'Eupener', N'Paveestrasse 12-14', 4700, N'Eupen', 20000)
INSERT [Brouwers] ([BrouwerNr], [BrNaam], [Adres], [PostCode], [Gemeente], [Omzet]) VALUES (42, N'Eylenbosch - Maes', N'Ninoofsesteenweg 5', 1703, N'Schepdaal', 12000)
INSERT [Brouwers] ([BrouwerNr], [BrNaam], [Adres], [PostCode], [Gemeente], [Omzet]) VALUES (43, N'Facon', N'Kwabrugstraat 27', 8510, N'Bellegem', 8000)
INSERT [Brouwers] ([BrouwerNr], [BrNaam], [Adres], [PostCode], [Gemeente], [Omzet]) VALUES (44, N'Fantome', N'Rue Preal 8', 6997, N'Soy', 900)
INSERT [Brouwers] ([BrouwerNr], [BrNaam], [Adres], [PostCode], [Gemeente], [Omzet]) VALUES (45, N'Ferme au Chene', N'Rue Comte d''Ursel 36', 6940, N'Durbuy', 100)
INSERT [Brouwers] ([BrouwerNr], [BrNaam], [Adres], [PostCode], [Gemeente], [Omzet]) VALUES (46, N'Friart', N'Rue d'' Houdeng 20', 7070, N'Le Roeulx', 18000)
INSERT [Brouwers] ([BrouwerNr], [BrNaam], [Adres], [PostCode], [Gemeente], [Omzet]) VALUES (47, N'Gaverhopke', N'Steenbrugstraat 187', 8530, N'Harelbeke- Stasegem', 800)
INSERT [Brouwers] ([BrouwerNr], [BrNaam], [Adres], [PostCode], [Gemeente], [Omzet]) VALUES (48, N'Gigi', N'Grand rue 96', 6769, N'Gerouville', 4000)
INSERT [Brouwers] ([BrouwerNr], [BrNaam], [Adres], [PostCode], [Gemeente], [Omzet]) VALUES (49, N'Girardin', N'Lindenberg 10', 1700, N'Sint-Ulriks-Kapelle', 3900)
INSERT [Brouwers] ([BrouwerNr], [BrNaam], [Adres], [PostCode], [Gemeente], [Omzet]) VALUES (50, N'Gouden Boom', N'Langestraat 45', 8000, N'Brugge', 20000)
INSERT [Brouwers] ([BrouwerNr], [BrNaam], [Adres], [PostCode], [Gemeente], [Omzet]) VALUES (51, N'Haacht', N'Provinciesteenweg 28', 3190, N'Boortmeerbeek', 1100000)
INSERT [Brouwers] ([BrouwerNr], [BrNaam], [Adres], [PostCode], [Gemeente], [Omzet]) VALUES (53, N'Hanssens', N'Vroenenbosstraat 15', 1653, N'Dworp', 500)
INSERT [Brouwers] ([BrouwerNr], [BrNaam], [Adres], [PostCode], [Gemeente], [Omzet]) VALUES (54, N'Hopduvel', N'Coupure links 625', 9000, N'Gent', 550)
INSERT [Brouwers] ([BrouwerNr], [BrNaam], [Adres], [PostCode], [Gemeente], [Omzet]) VALUES (55, N'Hopperd', N'Matestraat 7', 2230, N'Ramsel', NULL)
INSERT [Brouwers] ([BrouwerNr], [BrNaam], [Adres], [PostCode], [Gemeente], [Omzet]) VALUES (56, N'Huyghe', N'Brusselsesteenweg 282', 9090, N'Melle', 50000)
INSERT [Brouwers] ([BrouwerNr], [BrNaam], [Adres], [PostCode], [Gemeente], [Omzet]) VALUES (57, N'John Martin', N'Rue du Cerf 191', 1332, N'Genval', NULL)
INSERT [Brouwers] ([BrouwerNr], [BrNaam], [Adres], [PostCode], [Gemeente], [Omzet]) VALUES (58, N'Jupiler', N'Rue de Vise 243', 4020, N'Jupille-sur-Meuse', 2200000)
INSERT [Brouwers] ([BrouwerNr], [BrNaam], [Adres], [PostCode], [Gemeente], [Omzet]) VALUES (59, N'K.I.H.O.', N'Gebroeders de Smetstraat 1', 9000, N'Gent', NULL)
INSERT [Brouwers] ([BrouwerNr], [BrNaam], [Adres], [PostCode], [Gemeente], [Omzet]) VALUES (60, N'Keersmaeker (De)', N'Lierput 1', 1730, N'Kobbegem', 60000)
INSERT [Brouwers] ([BrouwerNr], [BrNaam], [Adres], [PostCode], [Gemeente], [Omzet]) VALUES (62, N'Koninck - Antwerpen (De)', N'Mechelsesteenweg 291', 2018, N'Antwerpen', 140000)
INSERT [Brouwers] ([BrouwerNr], [BrNaam], [Adres], [PostCode], [Gemeente], [Omzet]) VALUES (64, N'Lefebvre', N'Rue de Croly 54', 1430, N'Quenast', 15000)
INSERT [Brouwers] ([BrouwerNr], [BrNaam], [Adres], [PostCode], [Gemeente], [Omzet]) VALUES (65, N'Leroy', N'Diksmuideseweg 406', 8904, N'Boezinge', 32000)
INSERT [Brouwers] ([BrouwerNr], [BrNaam], [Adres], [PostCode], [Gemeente], [Omzet]) VALUES (66, N'Liefmans', N'Aalststraat 200', 9700, N'Oudenaarde', 10000)
INSERT [Brouwers] ([BrouwerNr], [BrNaam], [Adres], [PostCode], [Gemeente], [Omzet]) VALUES (67, N'Lindemans', N'Lenniksebaan 1479', 1602, N'Vlezenbeek', 19000)
INSERT [Brouwers] ([BrouwerNr], [BrNaam], [Adres], [PostCode], [Gemeente], [Omzet]) VALUES (68, N'Louwaege', N'Markt 14', 8610, N'Kortemark', 22000)
INSERT [Brouwers] ([BrouwerNr], [BrNaam], [Adres], [PostCode], [Gemeente], [Omzet]) VALUES (69, N'Maes', N'Waarloosveld 10', 2550, N'Waarloos', 1150000)
INSERT [Brouwers] ([BrouwerNr], [BrNaam], [Adres], [PostCode], [Gemeente], [Omzet]) VALUES (70, N'Martens', N'Reppelerweg 1', 3950, N'Bocholt', 600000)
INSERT [Brouwers] ([BrouwerNr], [BrNaam], [Adres], [PostCode], [Gemeente], [Omzet]) VALUES (71, N'Meesters', N'Hoogstraat 50', 1570, N'Galmaarden', 160)
INSERT [Brouwers] ([BrouwerNr], [BrNaam], [Adres], [PostCode], [Gemeente], [Omzet]) VALUES (72, N'Mibrana', N'Place de la station 2', 5000, N'Namur', 380)
INSERT [Brouwers] ([BrouwerNr], [BrNaam], [Adres], [PostCode], [Gemeente], [Omzet]) VALUES (73, N'Miroir', N'Koningin Astridplein 24-26', 1090, N'Jette', 100)
INSERT [Brouwers] ([BrouwerNr], [BrNaam], [Adres], [PostCode], [Gemeente], [Omzet]) VALUES (74, N'Moortgat', N'Breendonkdorp 58', 2870, N'Breendonk-Puurs', 250000)
INSERT [Brouwers] ([BrouwerNr], [BrNaam], [Adres], [PostCode], [Gemeente], [Omzet]) VALUES (75, N'Old Bailey', N'Kerkplein 5', 8880, N'St.-Eloois-Winkel', 1200)
INSERT [Brouwers] ([BrouwerNr], [BrNaam], [Adres], [PostCode], [Gemeente], [Omzet]) VALUES (76, N'Oleye', N'Rue d''Elmette 39', 4300, N'Oleye-Waremme', 200)
INSERT [Brouwers] ([BrouwerNr], [BrNaam], [Adres], [PostCode], [Gemeente], [Omzet]) VALUES (78, N'Orval', N'Orval 2', 6823, N'Villers-devant-Orval', 37000)
INSERT [Brouwers] ([BrouwerNr], [BrNaam], [Adres], [PostCode], [Gemeente], [Omzet]) VALUES (79, N'Paeleman', N'Boekakker 1', 9230, N'Wetteren', 350)
INSERT [Brouwers] ([BrouwerNr], [BrNaam], [Adres], [PostCode], [Gemeente], [Omzet]) VALUES (80, N'Pakhuis', N'Vlaamse kaai 76', 2000, N'Antwerpen', 1200)
INSERT [Brouwers] ([BrouwerNr], [BrNaam], [Adres], [PostCode], [Gemeente], [Omzet]) VALUES (81, N'Palm', N'Steenhuffeldorp 3', 1840, N'Steenhuffel', 530000)
INSERT [Brouwers] ([BrouwerNr], [BrNaam], [Adres], [PostCode], [Gemeente], [Omzet]) VALUES (82, N'Pater Van Damme', N'Jacob Van Maerlantstraat 2', 8340, N'Damme', 7)
INSERT [Brouwers] ([BrouwerNr], [BrNaam], [Adres], [PostCode], [Gemeente], [Omzet]) VALUES (83, N'Praile', N'Rue de la Praile 3', 7120, N'Peissant', 24)
INSERT [Brouwers] ([BrouwerNr], [BrNaam], [Adres], [PostCode], [Gemeente], [Omzet]) VALUES (84, N'Proefbrouwerij', N'Smalle Heerweg 78', 9080, N'Lochristi', 500)
INSERT [Brouwers] ([BrouwerNr], [BrNaam], [Adres], [PostCode], [Gemeente], [Omzet]) VALUES (85, N'Ranke', N'Brugstraat 43', 8560, N'Wevelgem', 100)
INSERT [Brouwers] ([BrouwerNr], [BrNaam], [Adres], [PostCode], [Gemeente], [Omzet]) VALUES (86, N'Regenboog', N'Astridlaan 134', 8310, N'Assebroek-Brugge', NULL)
INSERT [Brouwers] ([BrouwerNr], [BrNaam], [Adres], [PostCode], [Gemeente], [Omzet]) VALUES (87, N'Riva', N'Wontergemstraat 42', 8720, N'Dentergem', 115000)
INSERT [Brouwers] ([BrouwerNr], [BrNaam], [Adres], [PostCode], [Gemeente], [Omzet]) VALUES (88, N'Roberg', N'Rodebergstraat 46', 8954, N'Westouter', 1000)
INSERT [Brouwers] ([BrouwerNr], [BrNaam], [Adres], [PostCode], [Gemeente], [Omzet]) VALUES (89, N'Rochefort', N'Rue de l''abbaye 8', 5580, N'Rochefort', 15000)
INSERT [Brouwers] ([BrouwerNr], [BrNaam], [Adres], [PostCode], [Gemeente], [Omzet]) VALUES (90, N'Rochefortoise', N'Rue du Treux 43b', 5580, N'Eprave', NULL)
INSERT [Brouwers] ([BrouwerNr], [BrNaam], [Adres], [PostCode], [Gemeente], [Omzet]) VALUES (91, N'Rocs', N'Chaussee Brunehaut 37', 7387, N'Montignies-sur-Roc', 500)
INSERT [Brouwers] ([BrouwerNr], [BrNaam], [Adres], [PostCode], [Gemeente], [Omzet]) VALUES (92, N'Rodenbach', N'Spanjestraat 133', 8800, N'Roeselare', 150000)
INSERT [Brouwers] ([BrouwerNr], [BrNaam], [Adres], [PostCode], [Gemeente], [Omzet]) VALUES (93, N'Roman', N'Hauwaert 61', 9700, N'Oudenaarde-Mater', 100000)
INSERT [Brouwers] ([BrouwerNr], [BrNaam], [Adres], [PostCode], [Gemeente], [Omzet]) VALUES (94, N'Ruwet', N'Rue Victor Besme 27', 4800, N'Verviers', 100)
INSERT [Brouwers] ([BrouwerNr], [BrNaam], [Adres], [PostCode], [Gemeente], [Omzet]) VALUES (95, N'Ryck (De)', N'Kerkstraat 28', 9550, N'Herzele', 6000)
INSERT [Brouwers] ([BrouwerNr], [BrNaam], [Adres], [PostCode], [Gemeente], [Omzet]) VALUES (96, N'Schuur', N'Gobbelsrode 75', 3220, N'Kortrijk-Dutsel', NULL)
INSERT [Brouwers] ([BrouwerNr], [BrNaam], [Adres], [PostCode], [Gemeente], [Omzet]) VALUES (97, N'Silenrieux', N'Rue Noupre 1', 5630, N'Silenrieux', 500)
INSERT [Brouwers] ([BrouwerNr], [BrNaam], [Adres], [PostCode], [Gemeente], [Omzet]) VALUES (98, N'Silly', N'Ville Basse A 141', 7830, N'Silly', 12000)
INSERT [Brouwers] ([BrouwerNr], [BrNaam], [Adres], [PostCode], [Gemeente], [Omzet]) VALUES (99, N'Slaghmuylder', N'Denderhoutembaan 2', 9400, N'Ninove', 6500)
INSERT [Brouwers] ([BrouwerNr], [BrNaam], [Adres], [PostCode], [Gemeente], [Omzet]) VALUES (100, N'Smedt (De)', N'Ringlaan 18', 1745, N'Opwijk', 50000)
INSERT [Brouwers] ([BrouwerNr], [BrNaam], [Adres], [PostCode], [Gemeente], [Omzet]) VALUES (101, N'St. Bernardus', N'Trappistenweg 23', 8978, N'Watou', 13000)
INSERT [Brouwers] ([BrouwerNr], [BrNaam], [Adres], [PostCode], [Gemeente], [Omzet]) VALUES (102, N'St. Guibert', N'Rue de Riquau 1', 1435, N'Mont-Saint-Guibert', 350000)
INSERT [Brouwers] ([BrouwerNr], [BrNaam], [Adres], [PostCode], [Gemeente], [Omzet]) VALUES (103, N'St. Jozef', N'Itterplein 19', 3960, N'Opitter', 65000)
INSERT [Brouwers] ([BrouwerNr], [BrNaam], [Adres], [PostCode], [Gemeente], [Omzet]) VALUES (104, N'Steedje', N'Schoolstraat 45b', 8460, N'Ettelgem', 1000)
INSERT [Brouwers] ([BrouwerNr], [BrNaam], [Adres], [PostCode], [Gemeente], [Omzet]) VALUES (105, N'Sterkens', N'Meerdorp 20', 2321, N'Meer', 8613)
INSERT [Brouwers] ([BrouwerNr], [BrNaam], [Adres], [PostCode], [Gemeente], [Omzet]) VALUES (106, N'Straffe Hendrik', N'Walplein 26', 8000, N'Brugge', 5800)
INSERT [Brouwers] ([BrouwerNr], [BrNaam], [Adres], [PostCode], [Gemeente], [Omzet]) VALUES (107, N'Strubbe', N'Markt 1', 8480, N'Ichtegem', 20000)
INSERT [Brouwers] ([BrouwerNr], [BrNaam], [Adres], [PostCode], [Gemeente], [Omzet]) VALUES (108, N'Timmermans', N'Kerkstraat 11', 1701, N'Itterbeek', 10000)
GO
print 'Processed 100 total records'
INSERT [Brouwers] ([BrouwerNr], [BrNaam], [Adres], [PostCode], [Gemeente], [Omzet]) VALUES (109, N'Tour', N'Rue Chera 9', 4180, N'Comblain-la-Tour', 240)
INSERT [Brouwers] ([BrouwerNr], [BrNaam], [Adres], [PostCode], [Gemeente], [Omzet]) VALUES (110, N'Troch (De)', N'Langestraat 20', 1741, N'Ternat-Wambeek', 3500)
INSERT [Brouwers] ([BrouwerNr], [BrNaam], [Adres], [PostCode], [Gemeente], [Omzet]) VALUES (111, N'Union', N'Rue Derbeque 7', 6040, N'Jumet', 200000)
INSERT [Brouwers] ([BrouwerNr], [BrNaam], [Adres], [PostCode], [Gemeente], [Omzet]) VALUES (112, N'Van Den Bossche', N'Sint-Lievensplein 16', 9550, N'Sint- Lievens-Esse', 1700)
INSERT [Brouwers] ([BrouwerNr], [BrNaam], [Adres], [PostCode], [Gemeente], [Omzet]) VALUES (113, N'Van Eecke', N'Douvieweg 2', 8978, N'Watou', 10000)
INSERT [Brouwers] ([BrouwerNr], [BrNaam], [Adres], [PostCode], [Gemeente], [Omzet]) VALUES (114, N'Van Honsebrouck', N'Oostrozebekestraat 43', 8770, N'Ingelmunster', 80000)
INSERT [Brouwers] ([BrouwerNr], [BrNaam], [Adres], [PostCode], [Gemeente], [Omzet]) VALUES (115, N'Vander Linden', N'Brouwerijstraat 2', 1500, N'Halle', 2000)
INSERT [Brouwers] ([BrouwerNr], [BrNaam], [Adres], [PostCode], [Gemeente], [Omzet]) VALUES (116, N'Vandervelden Henri', N'Laarheidestraat 230', 1650, N'Beersel', 500)
INSERT [Brouwers] ([BrouwerNr], [BrNaam], [Adres], [PostCode], [Gemeente], [Omzet]) VALUES (117, N'Vapeur', N'Rue de Marechal 1', 7904, N'Pipaix-Leuze', 1000)
INSERT [Brouwers] ([BrouwerNr], [BrNaam], [Adres], [PostCode], [Gemeente], [Omzet]) VALUES (118, N'Verhaeghe', N'Beukenhofstraat 96', 8570, N'Vichte', 7200)
INSERT [Brouwers] ([BrouwerNr], [BrNaam], [Adres], [PostCode], [Gemeente], [Omzet]) VALUES (119, N'Vervifontaine', N'xxx', 6140, N'fontaine-Jalhay', NULL)
INSERT [Brouwers] ([BrouwerNr], [BrNaam], [Adres], [PostCode], [Gemeente], [Omzet]) VALUES (120, N'Villers', N'Liezeledorp 37', 2870, N'Liezele-Puurs', 1450)
INSERT [Brouwers] ([BrouwerNr], [BrNaam], [Adres], [PostCode], [Gemeente], [Omzet]) VALUES (121, N'Walrave', N'Lepelstraat 36', 9270, N'Laarne', 2500)
INSERT [Brouwers] ([BrouwerNr], [BrNaam], [Adres], [PostCode], [Gemeente], [Omzet]) VALUES (122, N'Weldebroec', N'Mechelse Steenweg 53', 2830, N'Willebroek', 800)
INSERT [Brouwers] ([BrouwerNr], [BrNaam], [Adres], [PostCode], [Gemeente], [Omzet]) VALUES (123, N'Westmalle', N'Antwerpsesteenweg 496', 2390, N'Malle', 125000)
INSERT [Brouwers] ([BrouwerNr], [BrNaam], [Adres], [PostCode], [Gemeente], [Omzet]) VALUES (124, N'Westvleteren', N'Donkerstraat 12', 8640, N'Westvleteren', 4000)
INSERT [Brouwers] ([BrouwerNr], [BrNaam], [Adres], [PostCode], [Gemeente], [Omzet]) VALUES (125, N'Wieze', N'Nieuwstraat 1', 9280, N'Wieze', 120000)
INSERT [Brouwers] ([BrouwerNr], [BrNaam], [Adres], [PostCode], [Gemeente], [Omzet]) VALUES (126, N'Zwingel', N'Damweg 6', 8530, N'Harelbeke', 250)
SET IDENTITY_INSERT [Brouwers] OFF
SET IDENTITY_INSERT [Bieren] ON
INSERT [Bieren] ([BierNr], [Naam], [BrouwerNr], [SoortNr], [Alcohol]) VALUES (4, N'A.C.O.', 104, 18, 7)
INSERT [Bieren] ([BierNr], [Naam], [BrouwerNr], [SoortNr], [Alcohol]) VALUES (5, N'Aalbeeks St. Corneliusbier  (=Kapittel pater (Het))', 113, 18, 6.5)
INSERT [Bieren] ([BierNr], [Naam], [BrouwerNr], [SoortNr], [Alcohol]) VALUES (7, N'Aardbeien witbier', 56, 53, 2.5)
INSERT [Bieren] ([BierNr], [Naam], [BrouwerNr], [SoortNr], [Alcohol]) VALUES (8, N'Aarschots kruikenbier (=St. Sebastiaan grand cru)', 105, 15, 7.6)
INSERT [Bieren] ([BierNr], [Naam], [BrouwerNr], [SoortNr], [Alcohol]) VALUES (10, N'Abt Bijbier (Nen)', 33, 18, 7)
INSERT [Bieren] ([BierNr], [Naam], [BrouwerNr], [SoortNr], [Alcohol]) VALUES (11, N'Adler', 51, 42, 6.75)
INSERT [Bieren] ([BierNr], [Naam], [BrouwerNr], [SoortNr], [Alcohol]) VALUES (12, N'Aerts 1900', 81, 14, 7)
INSERT [Bieren] ([BierNr], [Naam], [BrouwerNr], [SoortNr], [Alcohol]) VALUES (13, N'Affligem blond (Abdij)', 100, 33, 7)
INSERT [Bieren] ([BierNr], [Naam], [BrouwerNr], [SoortNr], [Alcohol]) VALUES (14, N'Affligem christmas ale (Abdij)', 100, 36, 9)
INSERT [Bieren] ([BierNr], [Naam], [BrouwerNr], [SoortNr], [Alcohol]) VALUES (15, N'Affligem dubbel (Abdij)', 100, 14, 7)
INSERT [Bieren] ([BierNr], [Naam], [BrouwerNr], [SoortNr], [Alcohol]) VALUES (16, N'Affligem patersvat', 100, 33, 7)
INSERT [Bieren] ([BierNr], [Naam], [BrouwerNr], [SoortNr], [Alcohol]) VALUES (17, N'Affligem tripel (Abdij)', 100, 59, 8.5)
INSERT [Bieren] ([BierNr], [Naam], [BrouwerNr], [SoortNr], [Alcohol]) VALUES (18, N'Akila pilsener', 68, 42, 5)
INSERT [Bieren] ([BierNr], [Naam], [BrouwerNr], [SoortNr], [Alcohol]) VALUES (20, N'Aldegonde brune', 72, 36, 8.5)
INSERT [Bieren] ([BierNr], [Naam], [BrouwerNr], [SoortNr], [Alcohol]) VALUES (21, N'Aldegonde cuvee', 72, 15, 7.5)
INSERT [Bieren] ([BierNr], [Naam], [BrouwerNr], [SoortNr], [Alcohol]) VALUES (22, N'Aldegonde speciale', 72, 36, 8.5)
INSERT [Bieren] ([BierNr], [Naam], [BrouwerNr], [SoortNr], [Alcohol]) VALUES (23, N'Ale brau (=Vega pils)', 58, 42, 5)
INSERT [Bieren] ([BierNr], [Naam], [BrouwerNr], [SoortNr], [Alcohol]) VALUES (24, N'Alexander Rodenbach', 92, 62, 6)
INSERT [Bieren] ([BierNr], [Naam], [BrouwerNr], [SoortNr], [Alcohol]) VALUES (25, N'Alfa (=Huyghe blond)', 56, 51, 2)
INSERT [Bieren] ([BierNr], [Naam], [BrouwerNr], [SoortNr], [Alcohol]) VALUES (26, N'Alfri', 93, 2, 0.8)
INSERT [Bieren] ([BierNr], [Naam], [BrouwerNr], [SoortNr], [Alcohol]) VALUES (27, N'Alken faro', 2, 51, 1.3)
INSERT [Bieren] ([BierNr], [Naam], [BrouwerNr], [SoortNr], [Alcohol]) VALUES (28, N'Alken faro', 69, 51, 1.3)
INSERT [Bieren] ([BierNr], [Naam], [BrouwerNr], [SoortNr], [Alcohol]) VALUES (29, N'Alken special blonde', 2, 51, 1.4)
INSERT [Bieren] ([BierNr], [Naam], [BrouwerNr], [SoortNr], [Alcohol]) VALUES (30, N'Alken special blonde', 69, 51, 1.4)
INSERT [Bieren] ([BierNr], [Naam], [BrouwerNr], [SoortNr], [Alcohol]) VALUES (31, N'Alken-Maes export', 69, 42, 4.5)
INSERT [Bieren] ([BierNr], [Naam], [BrouwerNr], [SoortNr], [Alcohol]) VALUES (32, N'All Black', 21, 18, 6)
INSERT [Bieren] ([BierNr], [Naam], [BrouwerNr], [SoortNr], [Alcohol]) VALUES (34, N'Ambiorix dubbel', 99, 14, 8)
INSERT [Bieren] ([BierNr], [Naam], [BrouwerNr], [SoortNr], [Alcohol]) VALUES (38, N'Amelie', 76, 15, 8)
INSERT [Bieren] ([BierNr], [Naam], [BrouwerNr], [SoortNr], [Alcohol]) VALUES (39, N'Amelie cerise', 76, 18, 6.2)
INSERT [Bieren] ([BierNr], [Naam], [BrouwerNr], [SoortNr], [Alcohol]) VALUES (40, N'Amuzantje (=Lamoral Degmont)', 112, 15, 8)
INSERT [Bieren] ([BierNr], [Naam], [BrouwerNr], [SoortNr], [Alcohol]) VALUES (41, N'Anglo pils', 2, 42, 4.8)
INSERT [Bieren] ([BierNr], [Naam], [BrouwerNr], [SoortNr], [Alcohol]) VALUES (42, N'Ankerpils (=Wieze pils)', 125, 42, 5)
INSERT [Bieren] ([BierNr], [Naam], [BrouwerNr], [SoortNr], [Alcohol]) VALUES (43, N'Anpavi (=Mengsel La Folie/Saison de Pipaix)', 117, 15, 7.5)
INSERT [Bieren] ([BierNr], [Naam], [BrouwerNr], [SoortNr], [Alcohol]) VALUES (48, N'Anvinoise  (=Beloeil (La biere de))', 37, 15, 8.5)
INSERT [Bieren] ([BierNr], [Naam], [BrouwerNr], [SoortNr], [Alcohol]) VALUES (49, N'Arabier', 32, 11, 8)
INSERT [Bieren] ([BierNr], [Naam], [BrouwerNr], [SoortNr], [Alcohol]) VALUES (51, N'Ardenne blonde (Biere d'')', 21, 15, 8)
INSERT [Bieren] ([BierNr], [Naam], [BrouwerNr], [SoortNr], [Alcohol]) VALUES (52, N'Argus pils (=Premium pilsener)', 70, 42, 5)
INSERT [Bieren] ([BierNr], [Naam], [BrouwerNr], [SoortNr], [Alcohol]) VALUES (53, N'Argus witte (=Limburgse witte)', 103, 53, 5)
INSERT [Bieren] ([BierNr], [Naam], [BrouwerNr], [SoortNr], [Alcohol]) VALUES (54, N'Arjaun (=Lamoral Degmont)', 112, 15, 8)
INSERT [Bieren] ([BierNr], [Naam], [BrouwerNr], [SoortNr], [Alcohol]) VALUES (55, N'Aro pils (=Haacht pils)', 51, 42, 4.7)
INSERT [Bieren] ([BierNr], [Naam], [BrouwerNr], [SoortNr], [Alcohol]) VALUES (58, N'Arsouye blonde  (=St. Benoit blonde)', 17, 33, 6.5)
INSERT [Bieren] ([BierNr], [Naam], [BrouwerNr], [SoortNr], [Alcohol]) VALUES (59, N'Arsouye brune  (=St. Benoit brune (brassin special))', 17, 36, 8.5)
INSERT [Bieren] ([BierNr], [Naam], [BrouwerNr], [SoortNr], [Alcohol]) VALUES (60, N'Artevelde', 56, 6, 5.7)
INSERT [Bieren] ([BierNr], [Naam], [BrouwerNr], [SoortNr], [Alcohol]) VALUES (61, N'Artevelde grand cru', 56, 33, 6.7)
INSERT [Bieren] ([BierNr], [Naam], [BrouwerNr], [SoortNr], [Alcohol]) VALUES (62, N'Artevelde grand cru op gist', 56, 33, 7)
INSERT [Bieren] ([BierNr], [Naam], [BrouwerNr], [SoortNr], [Alcohol]) VALUES (63, N'Artevelde op gist', 56, 18, 7)
INSERT [Bieren] ([BierNr], [Naam], [BrouwerNr], [SoortNr], [Alcohol]) VALUES (64, N'Artisan reuzebier', 29, 15, 8.3)
INSERT [Bieren] ([BierNr], [Naam], [BrouwerNr], [SoortNr], [Alcohol]) VALUES (65, N'Astor', 56, 15, 8)
INSERT [Bieren] ([BierNr], [Naam], [BrouwerNr], [SoortNr], [Alcohol]) VALUES (66, N'Atlas (=Vega pils)', 58, 42, 5)
INSERT [Bieren] ([BierNr], [Naam], [BrouwerNr], [SoortNr], [Alcohol]) VALUES (68, N'Augustijn', 14, 15, 8)
INSERT [Bieren] ([BierNr], [Naam], [BrouwerNr], [SoortNr], [Alcohol]) VALUES (69, N'Augustijn grand cru', 14, 21, 9)
INSERT [Bieren] ([BierNr], [Naam], [BrouwerNr], [SoortNr], [Alcohol]) VALUES (70, N'Aulne 6 sur lie (Abbaye d'')', 100, 14, 6)
INSERT [Bieren] ([BierNr], [Naam], [BrouwerNr], [SoortNr], [Alcohol]) VALUES (71, N'Aulne 8 selection (Abbaye d'')', 100, 14, 8)
INSERT [Bieren] ([BierNr], [Naam], [BrouwerNr], [SoortNr], [Alcohol]) VALUES (72, N'Aulne 10 superbe (Abbaye d'')', 100, 36, 10)
INSERT [Bieren] ([BierNr], [Naam], [BrouwerNr], [SoortNr], [Alcohol]) VALUES (73, N'Aulne blonde des peres (Abbaye d'')', 100, 33, 7)
INSERT [Bieren] ([BierNr], [Naam], [BrouwerNr], [SoortNr], [Alcohol]) VALUES (74, N'Aulne super noel (Abbaye d'')', 100, 14, 7)
INSERT [Bieren] ([BierNr], [Naam], [BrouwerNr], [SoortNr], [Alcohol]) VALUES (75, N'Aulne triple (Abbaye d'')', 100, 59, 9)
INSERT [Bieren] ([BierNr], [Naam], [BrouwerNr], [SoortNr], [Alcohol]) VALUES (77, N'Autreppe (Special)', 91, 21, 9)
INSERT [Bieren] ([BierNr], [Naam], [BrouwerNr], [SoortNr], [Alcohol]) VALUES (78, N'Auveloise (=Bonne Esperance (Abbaye de))', 64, 15, 8)
INSERT [Bieren] ([BierNr], [Naam], [BrouwerNr], [SoortNr], [Alcohol]) VALUES (79, N'Bacchus', 114, 62, 4.5)
INSERT [Bieren] ([BierNr], [Naam], [BrouwerNr], [SoortNr], [Alcohol]) VALUES (80, N'Bakelandt (=Poperings hommelbier)', 113, 15, 7.5)
INSERT [Bieren] ([BierNr], [Naam], [BrouwerNr], [SoortNr], [Alcohol]) VALUES (81, N'Balens kruierke', 56, 18, 6.2)
INSERT [Bieren] ([BierNr], [Naam], [BrouwerNr], [SoortNr], [Alcohol]) VALUES (82, N'Ballotil  (=Mengsel La Folie/Saison de Pipaix)', 117, 15, 7.5)
INSERT [Bieren] ([BierNr], [Naam], [BrouwerNr], [SoortNr], [Alcohol]) VALUES (84, N'Baptiste (=Riva triple abdij)', 87, 15, 7.2)
INSERT [Bieren] ([BierNr], [Naam], [BrouwerNr], [SoortNr], [Alcohol]) VALUES (85, N'Barbar', 64, 15, 8)
INSERT [Bieren] ([BierNr], [Naam], [BrouwerNr], [SoortNr], [Alcohol]) VALUES (86, N'Bass pale ale', 6, 4, 5.2)
INSERT [Bieren] ([BierNr], [Naam], [BrouwerNr], [SoortNr], [Alcohol]) VALUES (87, N'Bastions cuvee speciale (Les)', 21, 18, 7)
INSERT [Bieren] ([BierNr], [Naam], [BrouwerNr], [SoortNr], [Alcohol]) VALUES (89, N'Bavaro', 51, 51, 3.4)
INSERT [Bieren] ([BierNr], [Naam], [BrouwerNr], [SoortNr], [Alcohol]) VALUES (90, N'Bavik dinner beer blond', 8, 51, 1.7)
INSERT [Bieren] ([BierNr], [Naam], [BrouwerNr], [SoortNr], [Alcohol]) VALUES (91, N'Bavik dinner beer faro', 8, 51, 1.7)
INSERT [Bieren] ([BierNr], [Naam], [BrouwerNr], [SoortNr], [Alcohol]) VALUES (92, N'Bavik export', 8, 42, 5)
INSERT [Bieren] ([BierNr], [Naam], [BrouwerNr], [SoortNr], [Alcohol]) VALUES (93, N'Bavik premium pils', 8, 42, 5.5)
INSERT [Bieren] ([BierNr], [Naam], [BrouwerNr], [SoortNr], [Alcohol]) VALUES (94, N'Bavik triple bock', 8, 51, 2.8)
INSERT [Bieren] ([BierNr], [Naam], [BrouwerNr], [SoortNr], [Alcohol]) VALUES (95, N'Bavik witbier', 8, 53, 5)
INSERT [Bieren] ([BierNr], [Naam], [BrouwerNr], [SoortNr], [Alcohol]) VALUES (97, N'Becasse framboise lambic  (=Belle Vue frambozen)', 11, 22, 5.2)
INSERT [Bieren] ([BierNr], [Naam], [BrouwerNr], [SoortNr], [Alcohol]) VALUES (98, N'Becasse gueuze lambic  (=Belle Vue gueuze)', 11, 22, 5.2)
INSERT [Bieren] ([BierNr], [Naam], [BrouwerNr], [SoortNr], [Alcohol]) VALUES (99, N'Becasse kriek  (=Belle Vue kriek)', 11, 22, 5.2)
INSERT [Bieren] ([BierNr], [Naam], [BrouwerNr], [SoortNr], [Alcohol]) VALUES (100, N'Becasse kriek primeur ''96', 11, 22, 5)
INSERT [Bieren] ([BierNr], [Naam], [BrouwerNr], [SoortNr], [Alcohol]) VALUES (101, N'Becasse lambik  (=De Neve lambik)', 9, 31, 5)
INSERT [Bieren] ([BierNr], [Naam], [BrouwerNr], [SoortNr], [Alcohol]) VALUES (102, N'Bel pils', 74, 42, 5.3)
INSERT [Bieren] ([BierNr], [Naam], [BrouwerNr], [SoortNr], [Alcohol]) VALUES (103, N'Belgian ale traditional gueuze', 19, 22, 6)
INSERT [Bieren] ([BierNr], [Naam], [BrouwerNr], [SoortNr], [Alcohol]) VALUES (105, N'Belgo (=Dupont biologique (Saison))', 37, 18, 5.5)
INSERT [Bieren] ([BierNr], [Naam], [BrouwerNr], [SoortNr], [Alcohol]) VALUES (106, N'Bell christmas', 93, 14, 8)
INSERT [Bieren] ([BierNr], [Naam], [BrouwerNr], [SoortNr], [Alcohol]) VALUES (108, N'Belle Vue framboise', 11, 22, 5.2)
INSERT [Bieren] ([BierNr], [Naam], [BrouwerNr], [SoortNr], [Alcohol]) VALUES (109, N'Belle Vue frambozenlambik', 9, 56, 5)
INSERT [Bieren] ([BierNr], [Naam], [BrouwerNr], [SoortNr], [Alcohol]) VALUES (110, N'Belle Vue gueuze', 11, 22, 5.2)
INSERT [Bieren] ([BierNr], [Naam], [BrouwerNr], [SoortNr], [Alcohol]) VALUES (111, N'Belle Vue kriek', 11, 22, 5.2)
INSERT [Bieren] ([BierNr], [Naam], [BrouwerNr], [SoortNr], [Alcohol]) VALUES (112, N'Belle Vue kriek L.A.', 11, 22, 1.2)
INSERT [Bieren] ([BierNr], [Naam], [BrouwerNr], [SoortNr], [Alcohol]) VALUES (113, N'Belle Vue kriekenlambik', 9, 56, 5)
INSERT [Bieren] ([BierNr], [Naam], [BrouwerNr], [SoortNr], [Alcohol]) VALUES (114, N'Belle Vue lambik', 9, 56, 5)
INSERT [Bieren] ([BierNr], [Naam], [BrouwerNr], [SoortNr], [Alcohol]) VALUES (115, N'Belle Vue Selection Lambic gueuze', 9, 55, 5.2)
INSERT [Bieren] ([BierNr], [Naam], [BrouwerNr], [SoortNr], [Alcohol]) VALUES (117, N'Bellegems witbier', 43, 53, 5)
INSERT [Bieren] ([BierNr], [Naam], [BrouwerNr], [SoortNr], [Alcohol]) VALUES (118, N'Beloeil (La biere de)', 37, 15, 8.5)
INSERT [Bieren] ([BierNr], [Naam], [BrouwerNr], [SoortNr], [Alcohol]) VALUES (119, N'Belseels kerstbier', 18, 14, 8)
INSERT [Bieren] ([BierNr], [Naam], [BrouwerNr], [SoortNr], [Alcohol]) VALUES (120, N'Berenbier/Biere des Ours', 13, 36, 8.5)
INSERT [Bieren] ([BierNr], [Naam], [BrouwerNr], [SoortNr], [Alcohol]) VALUES (121, N'Bergenbrau', 6, 42, 4.3)
INSERT [Bieren] ([BierNr], [Naam], [BrouwerNr], [SoortNr], [Alcohol]) VALUES (122, N'Bergeotte normale  (=Regal (Saison))', 17, 18, 6)
INSERT [Bieren] ([BierNr], [Naam], [BrouwerNr], [SoortNr], [Alcohol]) VALUES (123, N'Bergeotte speciale  (=St. Benoit brune (brassin special))', 17, 15, 8.5)
INSERT [Bieren] ([BierNr], [Naam], [BrouwerNr], [SoortNr], [Alcohol]) VALUES (124, N'Beselaars Heksenbier (=Poperings hommelbier)', 113, 15, 7.5)
INSERT [Bieren] ([BierNr], [Naam], [BrouwerNr], [SoortNr], [Alcohol]) VALUES (125, N'Bieken', 18, 15, 8.5)
GO
print 'Processed 100 total records'
INSERT [Bieren] ([BierNr], [Naam], [BrouwerNr], [SoortNr], [Alcohol]) VALUES (127, N'Bier voor Vader "A"', 14, 42, 5)
INSERT [Bieren] ([BierNr], [Naam], [BrouwerNr], [SoortNr], [Alcohol]) VALUES (128, N'Bier voor Vader "D"', 14, 42, 5)
INSERT [Bieren] ([BierNr], [Naam], [BrouwerNr], [SoortNr], [Alcohol]) VALUES (129, N'Bier voor Vader "E"', 14, 42, 5)
INSERT [Bieren] ([BierNr], [Naam], [BrouwerNr], [SoortNr], [Alcohol]) VALUES (130, N'Bier voor Vader "R"', 14, 42, 5)
INSERT [Bieren] ([BierNr], [Naam], [BrouwerNr], [SoortNr], [Alcohol]) VALUES (131, N'Bier voor Vader "V"', 14, 42, 5)
INSERT [Bieren] ([BierNr], [Naam], [BrouwerNr], [SoortNr], [Alcohol]) VALUES (132, N'Biertoren blond', 56, 51, NULL)
INSERT [Bieren] ([BierNr], [Naam], [BrouwerNr], [SoortNr], [Alcohol]) VALUES (133, N'Biertoren bruno', 56, 51, 1.5)
INSERT [Bieren] ([BierNr], [Naam], [BrouwerNr], [SoortNr], [Alcohol]) VALUES (134, N'Biertoren special', 56, 51, 1.5)
INSERT [Bieren] ([BierNr], [Naam], [BrouwerNr], [SoortNr], [Alcohol]) VALUES (135, N'Big Chouffe (=Chouffe )', 1, 15, 8)
INSERT [Bieren] ([BierNr], [Naam], [BrouwerNr], [SoortNr], [Alcohol]) VALUES (136, N'Billekarreke (=Riva triple abdij)', 87, 15, 7.2)
INSERT [Bieren] ([BierNr], [Naam], [BrouwerNr], [SoortNr], [Alcohol]) VALUES (137, N'Bilzers bruin', 103, 14, 7.5)
INSERT [Bieren] ([BierNr], [Naam], [BrouwerNr], [SoortNr], [Alcohol]) VALUES (138, N'Binchoise blonde  (=St. Benoit blonde)', 17, 33, 6.5)
INSERT [Bieren] ([BierNr], [Naam], [BrouwerNr], [SoortNr], [Alcohol]) VALUES (139, N'Binchoise brune  (=St. Benoit brune (brassin special))', 17, 36, 8.5)
INSERT [Bieren] ([BierNr], [Naam], [BrouwerNr], [SoortNr], [Alcohol]) VALUES (140, N'Binchoise special noel', 13, 21, 9)
INSERT [Bieren] ([BierNr], [Naam], [BrouwerNr], [SoortNr], [Alcohol]) VALUES (143, N'Bios blond', 14, 51, 2.4)
INSERT [Bieren] ([BierNr], [Naam], [BrouwerNr], [SoortNr], [Alcohol]) VALUES (144, N'Bios bruin', 14, 51, 2.4)
INSERT [Bieren] ([BierNr], [Naam], [BrouwerNr], [SoortNr], [Alcohol]) VALUES (145, N'Bios Vlaamse bourgogne', 14, 62, 5.5)
INSERT [Bieren] ([BierNr], [Naam], [BrouwerNr], [SoortNr], [Alcohol]) VALUES (146, N'Bisounette  (=St. Benoit brune)', 17, 18, 6.5)
INSERT [Bieren] ([BierNr], [Naam], [BrouwerNr], [SoortNr], [Alcohol]) VALUES (147, N'Black Gosh', 44, 15, 8)
INSERT [Bieren] ([BierNr], [Naam], [BrouwerNr], [SoortNr], [Alcohol]) VALUES (150, N'Bleeken Moriaen (=Kapittel abt (Het))', 113, 21, 10)
INSERT [Bieren] ([BierNr], [Naam], [BrouwerNr], [SoortNr], [Alcohol]) VALUES (155, N'Blok-bok (Nen)', 33, 12, 7)
INSERT [Bieren] ([BierNr], [Naam], [BrouwerNr], [SoortNr], [Alcohol]) VALUES (156, N'Blondine', 54, 15, 8)
INSERT [Bieren] ([BierNr], [Naam], [BrouwerNr], [SoortNr], [Alcohol]) VALUES (157, N'Boals kruikenbier triple (=St. Sebastiaan grand cru)', 105, 59, 7.6)
INSERT [Bieren] ([BierNr], [Naam], [BrouwerNr], [SoortNr], [Alcohol]) VALUES (159, N'Bock premium pils', 81, 42, 5.4)
INSERT [Bieren] ([BierNr], [Naam], [BrouwerNr], [SoortNr], [Alcohol]) VALUES (160, N'Bockhauser pils (=Haacht pils)', 51, 42, 4.7)
INSERT [Bieren] ([BierNr], [Naam], [BrouwerNr], [SoortNr], [Alcohol]) VALUES (166, N'Boeg pils', 70, 42, 5)
INSERT [Bieren] ([BierNr], [Naam], [BrouwerNr], [SoortNr], [Alcohol]) VALUES (167, N'Bois Bouquet (Trappiste du)', 91, 36, 9)
INSERT [Bieren] ([BierNr], [Naam], [BrouwerNr], [SoortNr], [Alcohol]) VALUES (168, N'Bokkereyer', 103, 6, 5.8)
INSERT [Bieren] ([BierNr], [Naam], [BrouwerNr], [SoortNr], [Alcohol]) VALUES (169, N'Bokrijk hoevebier 6', 105, 18, 6)
INSERT [Bieren] ([BierNr], [Naam], [BrouwerNr], [SoortNr], [Alcohol]) VALUES (170, N'Bokrijk hoevebier 8', 105, 15, 8)
INSERT [Bieren] ([BierNr], [Naam], [BrouwerNr], [SoortNr], [Alcohol]) VALUES (171, N'Bokrijks kruikenbier', 105, 15, 7.2)
INSERT [Bieren] ([BierNr], [Naam], [BrouwerNr], [SoortNr], [Alcohol]) VALUES (172, N'Bol d''or', 39, 33, 5.2)
INSERT [Bieren] ([BierNr], [Naam], [BrouwerNr], [SoortNr], [Alcohol]) VALUES (173, N'Bonde (Biere de la) (=Kapittel abt (Het))', 113, 21, 10)
INSERT [Bieren] ([BierNr], [Naam], [BrouwerNr], [SoortNr], [Alcohol]) VALUES (174, N'Bonne Esperance (Abbaye de)', 64, 15, 8)
INSERT [Bieren] ([BierNr], [Naam], [BrouwerNr], [SoortNr], [Alcohol]) VALUES (175, N'Bons voeux (Avec les -- de la brasserie)', 37, 21, 9.5)
INSERT [Bieren] ([BierNr], [Naam], [BrouwerNr], [SoortNr], [Alcohol]) VALUES (176, N'Boon frambozenbier', 19, 55, 6)
INSERT [Bieren] ([BierNr], [Naam], [BrouwerNr], [SoortNr], [Alcohol]) VALUES (177, N'Boon frambozenbier 1986', 19, 55, 6)
INSERT [Bieren] ([BierNr], [Naam], [BrouwerNr], [SoortNr], [Alcohol]) VALUES (178, N'Boon geuze', 19, 55, 6)
INSERT [Bieren] ([BierNr], [Naam], [BrouwerNr], [SoortNr], [Alcohol]) VALUES (179, N'Boon geuze mariage parfait', 19, 55, 6)
INSERT [Bieren] ([BierNr], [Naam], [BrouwerNr], [SoortNr], [Alcohol]) VALUES (180, N'Boon kriek', 19, 55, 5)
INSERT [Bieren] ([BierNr], [Naam], [BrouwerNr], [SoortNr], [Alcohol]) VALUES (181, N'Boon kriek mariage parfait', 19, 55, 6)
INSERT [Bieren] ([BierNr], [Naam], [BrouwerNr], [SoortNr], [Alcohol]) VALUES (182, N'Boon lambik', 19, 56, 6)
INSERT [Bieren] ([BierNr], [Naam], [BrouwerNr], [SoortNr], [Alcohol]) VALUES (184, N'Bornem dubbel', 14, 14, 8)
INSERT [Bieren] ([BierNr], [Naam], [BrouwerNr], [SoortNr], [Alcohol]) VALUES (185, N'Bornem tripel', 14, 59, 9)
INSERT [Bieren] ([BierNr], [Naam], [BrouwerNr], [SoortNr], [Alcohol]) VALUES (186, N'Bosbier', 103, 18, 5)
INSERT [Bieren] ([BierNr], [Naam], [BrouwerNr], [SoortNr], [Alcohol]) VALUES (187, N'Boskeun', 32, 33, 7)
INSERT [Bieren] ([BierNr], [Naam], [BrouwerNr], [SoortNr], [Alcohol]) VALUES (188, N'Bosquetia', 17, 14, 7.5)
INSERT [Bieren] ([BierNr], [Naam], [BrouwerNr], [SoortNr], [Alcohol]) VALUES (189, N'Boucanier (Biere du) (=Piraat)', 14, 21, 10.5)
INSERT [Bieren] ([BierNr], [Naam], [BrouwerNr], [SoortNr], [Alcohol]) VALUES (190, N'Bourgogne des Flandres', 108, 60, 6.5)
INSERT [Bieren] ([BierNr], [Naam], [BrouwerNr], [SoortNr], [Alcohol]) VALUES (191, N'Bousval blonde speciale (=Floreffe blonde)', 64, 33, 7)
INSERT [Bieren] ([BierNr], [Naam], [BrouwerNr], [SoortNr], [Alcohol]) VALUES (192, N'Bousval brune speciale (=Floreffe double)', 64, 14, 7)
INSERT [Bieren] ([BierNr], [Naam], [BrouwerNr], [SoortNr], [Alcohol]) VALUES (193, N'Boxer christmas beer (=Affligem christmas ale)', 100, 36, 9)
INSERT [Bieren] ([BierNr], [Naam], [BrouwerNr], [SoortNr], [Alcohol]) VALUES (196, N'Brave Broeder (=Super 64)', 98, 18, 5)
INSERT [Bieren] ([BierNr], [Naam], [BrouwerNr], [SoortNr], [Alcohol]) VALUES (197, N'Brigand', 114, 21, 9)
INSERT [Bieren] ([BierNr], [Naam], [BrouwerNr], [SoortNr], [Alcohol]) VALUES (198, N'Brigand christmas', 114, 21, 9)
INSERT [Bieren] ([BierNr], [Naam], [BrouwerNr], [SoortNr], [Alcohol]) VALUES (199, N'Brogne donker (Abbaye de) (=Affligem dubbel (Abdij))', 100, 14, 7)
INSERT [Bieren] ([BierNr], [Naam], [BrouwerNr], [SoortNr], [Alcohol]) VALUES (200, N'Brogne triple (Abbaye de) (=Affligem tripel (Abdij))', 100, 59, 8.5)
INSERT [Bieren] ([BierNr], [Naam], [BrouwerNr], [SoortNr], [Alcohol]) VALUES (201, N'Broqueroise de l''abbaye de St. Denis  (=Moinette blonde)', 37, 15, 8.5)
INSERT [Bieren] ([BierNr], [Naam], [BrouwerNr], [SoortNr], [Alcohol]) VALUES (202, N'Brouwers van de Dijle (De) (=Lamot pilsor)', 6, 42, 5.2)
INSERT [Bieren] ([BierNr], [Naam], [BrouwerNr], [SoortNr], [Alcohol]) VALUES (204, N'Brouwmeester alcohol vrij bier', 2, 2, 0.4)
INSERT [Bieren] ([BierNr], [Naam], [BrouwerNr], [SoortNr], [Alcohol]) VALUES (205, N'Brouwmeester pilsener', 70, 42, 5)
INSERT [Bieren] ([BierNr], [Naam], [BrouwerNr], [SoortNr], [Alcohol]) VALUES (207, N'Brug ale Belge', 98, 6, 5)
INSERT [Bieren] ([BierNr], [Naam], [BrouwerNr], [SoortNr], [Alcohol]) VALUES (209, N'Brugs tarwebier', 50, 53, 5)
INSERT [Bieren] ([BierNr], [Naam], [BrouwerNr], [SoortNr], [Alcohol]) VALUES (210, N'Brugse straffe Hendrik', 106, 33, 6.5)
INSERT [Bieren] ([BierNr], [Naam], [BrouwerNr], [SoortNr], [Alcohol]) VALUES (211, N'Brugse tripel', 50, 59, 9.5)
INSERT [Bieren] ([BierNr], [Naam], [BrouwerNr], [SoortNr], [Alcohol]) VALUES (213, N'Brunehaut tradition amber', 21, 18, 6.5)
INSERT [Bieren] ([BierNr], [Naam], [BrouwerNr], [SoortNr], [Alcohol]) VALUES (214, N'Brunehaut villages blond', 21, 33, 6.5)
INSERT [Bieren] ([BierNr], [Naam], [BrouwerNr], [SoortNr], [Alcohol]) VALUES (215, N'Brunette', 54, 36, 9)
INSERT [Bieren] ([BierNr], [Naam], [BrouwerNr], [SoortNr], [Alcohol]) VALUES (216, N'Bruocsella 1900 grand cru', 22, 56, 5)
INSERT [Bieren] ([BierNr], [Naam], [BrouwerNr], [SoortNr], [Alcohol]) VALUES (217, N'Brussels gold (=Pax pils)', 103, 42, 4.6)
INSERT [Bieren] ([BierNr], [Naam], [BrouwerNr], [SoortNr], [Alcohol]) VALUES (218, N'Brussels gold (=Pax pils)', 103, 42, 5)
INSERT [Bieren] ([BierNr], [Naam], [BrouwerNr], [SoortNr], [Alcohol]) VALUES (219, N'Brussels white (=Limburgse witte)', 103, 53, 5)
INSERT [Bieren] ([BierNr], [Naam], [BrouwerNr], [SoortNr], [Alcohol]) VALUES (220, N'Brusselse witte (=Student)', 64, 53, 4.5)
INSERT [Bieren] ([BierNr], [Naam], [BrouwerNr], [SoortNr], [Alcohol]) VALUES (221, N'Bruyere blonde  (=Fakir)', 13, 33, 6.8)
INSERT [Bieren] ([BierNr], [Naam], [BrouwerNr], [SoortNr], [Alcohol]) VALUES (222, N'Bruyere brune  (=Reserve Marie de Hongrie)', 13, 36, 8.7)
INSERT [Bieren] ([BierNr], [Naam], [BrouwerNr], [SoortNr], [Alcohol]) VALUES (223, N'Bruynen Moriaen (=Kapittel prior (Het))', 113, 36, 9)
INSERT [Bieren] ([BierNr], [Naam], [BrouwerNr], [SoortNr], [Alcohol]) VALUES (224, N'Buffalo', 112, 14, 5)
INSERT [Bieren] ([BierNr], [Naam], [BrouwerNr], [SoortNr], [Alcohol]) VALUES (225, N'Bumke (=Pater Lieven)', 112, 14, 5.5)
INSERT [Bieren] ([BierNr], [Naam], [BrouwerNr], [SoortNr], [Alcohol]) VALUES (227, N'Bush beer', 36, 21, 12)
INSERT [Bieren] ([BierNr], [Naam], [BrouwerNr], [SoortNr], [Alcohol]) VALUES (228, N'Bush beer 7', 36, 15, 7.5)
INSERT [Bieren] ([BierNr], [Naam], [BrouwerNr], [SoortNr], [Alcohol]) VALUES (229, N'Bush de Noel', 36, 21, 12)
INSERT [Bieren] ([BierNr], [Naam], [BrouwerNr], [SoortNr], [Alcohol]) VALUES (230, N'Buxus blonde  (=Fakir)', 13, 33, 6.8)
INSERT [Bieren] ([BierNr], [Naam], [BrouwerNr], [SoortNr], [Alcohol]) VALUES (231, N'Buxus brune  (=Reserve Marie de Hongrie)', 13, 36, 8.7)
INSERT [Bieren] ([BierNr], [Naam], [BrouwerNr], [SoortNr], [Alcohol]) VALUES (232, N'C.T.S. Scotch', 6, 46, 7.5)
INSERT [Bieren] ([BierNr], [Naam], [BrouwerNr], [SoortNr], [Alcohol]) VALUES (233, N'Cambrinus', 118, 6, 4.9)
INSERT [Bieren] ([BierNr], [Naam], [BrouwerNr], [SoortNr], [Alcohol]) VALUES (234, N'Campagnarde  brune', 83, 36, 9.5)
INSERT [Bieren] ([BierNr], [Naam], [BrouwerNr], [SoortNr], [Alcohol]) VALUES (235, N'Campbell''s christmas', 6, 46, 8.3)
INSERT [Bieren] ([BierNr], [Naam], [BrouwerNr], [SoortNr], [Alcohol]) VALUES (236, N'Campbell''s scotch', 6, 46, 6.8)
INSERT [Bieren] ([BierNr], [Naam], [BrouwerNr], [SoortNr], [Alcohol]) VALUES (238, N'Campus', 56, 33, 7)
INSERT [Bieren] ([BierNr], [Naam], [BrouwerNr], [SoortNr], [Alcohol]) VALUES (239, N'Campus gold', 56, 33, 6)
INSERT [Bieren] ([BierNr], [Naam], [BrouwerNr], [SoortNr], [Alcohol]) VALUES (240, N'Canebiere', 44, 15, 8)
INSERT [Bieren] ([BierNr], [Naam], [BrouwerNr], [SoortNr], [Alcohol]) VALUES (241, N'Cantillon faro', 22, 54, 5)
INSERT [Bieren] ([BierNr], [Naam], [BrouwerNr], [SoortNr], [Alcohol]) VALUES (242, N'Cantillon kriek', 22, 55, 5)
INSERT [Bieren] ([BierNr], [Naam], [BrouwerNr], [SoortNr], [Alcohol]) VALUES (243, N'Cantillon kriek lambik', 22, 56, 5)
INSERT [Bieren] ([BierNr], [Naam], [BrouwerNr], [SoortNr], [Alcohol]) VALUES (244, N'Cantillon lambik', 22, 56, 5)
INSERT [Bieren] ([BierNr], [Naam], [BrouwerNr], [SoortNr], [Alcohol]) VALUES (245, N'Cantillon super gueuze', 22, 55, 5)
INSERT [Bieren] ([BierNr], [Naam], [BrouwerNr], [SoortNr], [Alcohol]) VALUES (246, N'Cara pils', 69, 42, 5)
INSERT [Bieren] ([BierNr], [Naam], [BrouwerNr], [SoortNr], [Alcohol]) VALUES (247, N'Caracole ambree', 23, 18, 7)
INSERT [Bieren] ([BierNr], [Naam], [BrouwerNr], [SoortNr], [Alcohol]) VALUES (249, N'Caracole brune', 23, 14, 7)
INSERT [Bieren] ([BierNr], [Naam], [BrouwerNr], [SoortNr], [Alcohol]) VALUES (250, N'Caramel biere de table', 41, 51, 1.5)
INSERT [Bieren] ([BierNr], [Naam], [BrouwerNr], [SoortNr], [Alcohol]) VALUES (252, N'Carioca classic', 56, 18, 5)
GO
print 'Processed 200 total records'
INSERT [Bieren] ([BierNr], [Naam], [BrouwerNr], [SoortNr], [Alcohol]) VALUES (253, N'Carnav-ale (kruik) (=St. Sebastiaan grand cru)', 105, 15, 7.6)
INSERT [Bieren] ([BierNr], [Naam], [BrouwerNr], [SoortNr], [Alcohol]) VALUES (254, N'Caves', 118, 18, 5.5)
INSERT [Bieren] ([BierNr], [Naam], [BrouwerNr], [SoortNr], [Alcohol]) VALUES (255, N'Caza cuvee speciale (=Mengsel La Folie/Saison de Pipaix)', 117, 15, 7.5)
INSERT [Bieren] ([BierNr], [Naam], [BrouwerNr], [SoortNr], [Alcohol]) VALUES (256, N'Celis pale bock', 100, 25, 5.5)
INSERT [Bieren] ([BierNr], [Naam], [BrouwerNr], [SoortNr], [Alcohol]) VALUES (258, N'Celis white', 100, 53, 5)
INSERT [Bieren] ([BierNr], [Naam], [BrouwerNr], [SoortNr], [Alcohol]) VALUES (260, N'Cervesia', 37, 15, 8.5)
INSERT [Bieren] ([BierNr], [Naam], [BrouwerNr], [SoortNr], [Alcohol]) VALUES (261, N'Cervoise de l''Avouerie d''Anthisnes (=Silly (Saison))', 98, 18, 5)
INSERT [Bieren] ([BierNr], [Naam], [BrouwerNr], [SoortNr], [Alcohol]) VALUES (262, N'Cervoise de l''Ecluse blonde  (=Fakir)', 13, 33, 6.8)
INSERT [Bieren] ([BierNr], [Naam], [BrouwerNr], [SoortNr], [Alcohol]) VALUES (263, N'Cervoise de l''Ecluse brune  (=Reserve Marie de Hongrie)', 13, 36, 8.7)
INSERT [Bieren] ([BierNr], [Naam], [BrouwerNr], [SoortNr], [Alcohol]) VALUES (264, N'Cervoise de Leptines (=Beloeil (La biere de))', 37, 15, 8.5)
INSERT [Bieren] ([BierNr], [Naam], [BrouwerNr], [SoortNr], [Alcohol]) VALUES (265, N'Cervoise de St. Gery  (=Moinette blonde)', 37, 15, 8.5)
INSERT [Bieren] ([BierNr], [Naam], [BrouwerNr], [SoortNr], [Alcohol]) VALUES (266, N'Cervoise des Ancetres grand cru (=St. Sebastiaan grand cru)', 105, 15, 7.6)
INSERT [Bieren] ([BierNr], [Naam], [BrouwerNr], [SoortNr], [Alcohol]) VALUES (267, N'Cervoise des Francs-Gaulois  (=Moinette blonde)', 37, 15, 8.5)
INSERT [Bieren] ([BierNr], [Naam], [BrouwerNr], [SoortNr], [Alcohol]) VALUES (268, N'Cezarken', 29, 18, 5.5)
INSERT [Bieren] ([BierNr], [Naam], [BrouwerNr], [SoortNr], [Alcohol]) VALUES (269, N'Chapeau abricot lambic', 110, 31, 3)
INSERT [Bieren] ([BierNr], [Naam], [BrouwerNr], [SoortNr], [Alcohol]) VALUES (270, N'Chapeau exotic', 110, 31, 3)
INSERT [Bieren] ([BierNr], [Naam], [BrouwerNr], [SoortNr], [Alcohol]) VALUES (271, N'Chapeau faro', 110, 19, 4.75)
INSERT [Bieren] ([BierNr], [Naam], [BrouwerNr], [SoortNr], [Alcohol]) VALUES (272, N'Chapeau fraises lambic', 110, 31, 3)
INSERT [Bieren] ([BierNr], [Naam], [BrouwerNr], [SoortNr], [Alcohol]) VALUES (273, N'Chapeau framboise', 110, 31, 3)
INSERT [Bieren] ([BierNr], [Naam], [BrouwerNr], [SoortNr], [Alcohol]) VALUES (274, N'Chapeau gueuze', 110, 22, 5.5)
INSERT [Bieren] ([BierNr], [Naam], [BrouwerNr], [SoortNr], [Alcohol]) VALUES (275, N'Chapeau kriek', 110, 31, 3)
INSERT [Bieren] ([BierNr], [Naam], [BrouwerNr], [SoortNr], [Alcohol]) VALUES (276, N'Chapeau mirabelle', 110, 31, 3)
INSERT [Bieren] ([BierNr], [Naam], [BrouwerNr], [SoortNr], [Alcohol]) VALUES (277, N'Chapeau peche', 110, 31, 3)
INSERT [Bieren] ([BierNr], [Naam], [BrouwerNr], [SoortNr], [Alcohol]) VALUES (278, N'Chapeau tropical', 110, 31, 3)
INSERT [Bieren] ([BierNr], [Naam], [BrouwerNr], [SoortNr], [Alcohol]) VALUES (281, N'Charlemagne (=Delirium Tremens)', 56, 21, 9)
INSERT [Bieren] ([BierNr], [Naam], [BrouwerNr], [SoortNr], [Alcohol]) VALUES (282, N'Charleroi (Blanche de)', 21, 53, 7)
INSERT [Bieren] ([BierNr], [Naam], [BrouwerNr], [SoortNr], [Alcohol]) VALUES (283, N'Charles Quint', 51, 14, 7)
INSERT [Bieren] ([BierNr], [Naam], [BrouwerNr], [SoortNr], [Alcohol]) VALUES (284, N'Chateau Saint-Henri Cuvee speciale', 72, 53, 4.5)
INSERT [Bieren] ([BierNr], [Naam], [BrouwerNr], [SoortNr], [Alcohol]) VALUES (285, N'Chimay blauw', 25, 36, 9)
INSERT [Bieren] ([BierNr], [Naam], [BrouwerNr], [SoortNr], [Alcohol]) VALUES (286, N'Chimay cinq cents (=Chimay wit)', 25, 15, 8)
INSERT [Bieren] ([BierNr], [Naam], [BrouwerNr], [SoortNr], [Alcohol]) VALUES (287, N'Chimay grande reserve (=Chimay blauw)', 25, 36, 9)
INSERT [Bieren] ([BierNr], [Naam], [BrouwerNr], [SoortNr], [Alcohol]) VALUES (288, N'Chimay premiere (=Chimay rood)', 25, 14, 7)
INSERT [Bieren] ([BierNr], [Naam], [BrouwerNr], [SoortNr], [Alcohol]) VALUES (289, N'Chimay rood', 25, 14, 7)
INSERT [Bieren] ([BierNr], [Naam], [BrouwerNr], [SoortNr], [Alcohol]) VALUES (290, N'Chimay wit', 25, 15, 8)
INSERT [Bieren] ([BierNr], [Naam], [BrouwerNr], [SoortNr], [Alcohol]) VALUES (291, N'Chouffe', 1, 15, 8)
INSERT [Bieren] ([BierNr], [Naam], [BrouwerNr], [SoortNr], [Alcohol]) VALUES (292, N'Chouffe-bok 6666', 1, 12, 6.66)
INSERT [Bieren] ([BierNr], [Naam], [BrouwerNr], [SoortNr], [Alcohol]) VALUES (293, N'Christmas-Beer', 29, 15, 8)
INSERT [Bieren] ([BierNr], [Naam], [BrouwerNr], [SoortNr], [Alcohol]) VALUES (294, N'Ciney blonde', 111, 33, 7)
INSERT [Bieren] ([BierNr], [Naam], [BrouwerNr], [SoortNr], [Alcohol]) VALUES (295, N'Ciney brune', 111, 14, 7)
INSERT [Bieren] ([BierNr], [Naam], [BrouwerNr], [SoortNr], [Alcohol]) VALUES (296, N'Ciney speciale', 111, 21, 9)
INSERT [Bieren] ([BierNr], [Naam], [BrouwerNr], [SoortNr], [Alcohol]) VALUES (301, N'Clermontoise  (=Ploquette )', 94, 15, 7.5)
INSERT [Bieren] ([BierNr], [Naam], [BrouwerNr], [SoortNr], [Alcohol]) VALUES (302, N'Club de Stella Artois', 6, 42, 5.9)
INSERT [Bieren] ([BierNr], [Naam], [BrouwerNr], [SoortNr], [Alcohol]) VALUES (303, N'Cnudde kriek', 27, 61, 4.7)
INSERT [Bieren] ([BierNr], [Naam], [BrouwerNr], [SoortNr], [Alcohol]) VALUES (304, N'Cnudde Oudenaards bruin', 27, 61, 4.7)
INSERT [Bieren] ([BierNr], [Naam], [BrouwerNr], [SoortNr], [Alcohol]) VALUES (305, N'Cochonette', 117, 21, 9.5)
INSERT [Bieren] ([BierNr], [Naam], [BrouwerNr], [SoortNr], [Alcohol]) VALUES (306, N'Con Domus (Nen)', 33, 11, 5)
INSERT [Bieren] ([BierNr], [Naam], [BrouwerNr], [SoortNr], [Alcohol]) VALUES (307, N'Contra-pils', 28, 42, 4.8)
INSERT [Bieren] ([BierNr], [Naam], [BrouwerNr], [SoortNr], [Alcohol]) VALUES (308, N'Contreras martzen bier', 28, 35, 5.8)
INSERT [Bieren] ([BierNr], [Naam], [BrouwerNr], [SoortNr], [Alcohol]) VALUES (309, N'Coq Hardi biere blonde de luxe', 51, 42, 4.8)
INSERT [Bieren] ([BierNr], [Naam], [BrouwerNr], [SoortNr], [Alcohol]) VALUES (310, N'Coq Hardi biere bock', 51, 51, 3.4)
INSERT [Bieren] ([BierNr], [Naam], [BrouwerNr], [SoortNr], [Alcohol]) VALUES (311, N'Coq Hardi pils (=Haacht pils)', 51, 42, 4.7)
INSERT [Bieren] ([BierNr], [Naam], [BrouwerNr], [SoortNr], [Alcohol]) VALUES (312, N'Coq Hardi speciale', 51, 42, 6)
INSERT [Bieren] ([BierNr], [Naam], [BrouwerNr], [SoortNr], [Alcohol]) VALUES (314, N'Corsaire biere rouge (Biere du)', 56, 18, 7)
INSERT [Bieren] ([BierNr], [Naam], [BrouwerNr], [SoortNr], [Alcohol]) VALUES (316, N'Corsendonk Agnus (=Moine (triple))', 17, 15, 8)
INSERT [Bieren] ([BierNr], [Naam], [BrouwerNr], [SoortNr], [Alcohol]) VALUES (317, N'Corsendonk Pater (=Bornem dubbel)', 14, 14, 8)
INSERT [Bieren] ([BierNr], [Naam], [BrouwerNr], [SoortNr], [Alcohol]) VALUES (318, N'Couckelaerschen Doedel', 107, 18, 6)
INSERT [Bieren] ([BierNr], [Naam], [BrouwerNr], [SoortNr], [Alcohol]) VALUES (320, N'Coy''Heimsen (=Kapittel pater (Het))', 113, 18, 6.5)
INSERT [Bieren] ([BierNr], [Naam], [BrouwerNr], [SoortNr], [Alcohol]) VALUES (321, N'Crack pils (=Sas pils)', 65, 42, 4.7)
INSERT [Bieren] ([BierNr], [Naam], [BrouwerNr], [SoortNr], [Alcohol]) VALUES (322, N'Cristal Alken', 2, 42, 4.8)
INSERT [Bieren] ([BierNr], [Naam], [BrouwerNr], [SoortNr], [Alcohol]) VALUES (323, N'Crupetoise  (=St. Benoit brune)', 17, 18, 6.5)
INSERT [Bieren] ([BierNr], [Naam], [BrouwerNr], [SoortNr], [Alcohol]) VALUES (324, N'Cubana ''59', 57, 18, 4.5)
INSERT [Bieren] ([BierNr], [Naam], [BrouwerNr], [SoortNr], [Alcohol]) VALUES (327, N'Cuvee 100 ans Domaine du Bois d''Anchin', 91, 21, 9)
INSERT [Bieren] ([BierNr], [Naam], [BrouwerNr], [SoortNr], [Alcohol]) VALUES (328, N'Cuvee Chateau des Flandres', 54, 14, 8)
INSERT [Bieren] ([BierNr], [Naam], [BrouwerNr], [SoortNr], [Alcohol]) VALUES (329, N'Cuvee d''Aristee - biere au miel', 83, 21, 9.5)
INSERT [Bieren] ([BierNr], [Naam], [BrouwerNr], [SoortNr], [Alcohol]) VALUES (330, N'Cuvee d''Aristee speciale noel', 83, 36, 9.5)
INSERT [Bieren] ([BierNr], [Naam], [BrouwerNr], [SoortNr], [Alcohol]) VALUES (332, N'Cuvee de Briqville (=Augustijn)', 14, 15, 8)
INSERT [Bieren] ([BierNr], [Naam], [BrouwerNr], [SoortNr], [Alcohol]) VALUES (333, N'Cuvee de Francorchamps (=Bonne Esperance (Abbaye de))', 64, 15, 8)
INSERT [Bieren] ([BierNr], [Naam], [BrouwerNr], [SoortNr], [Alcohol]) VALUES (334, N'Cuvee De Koninck', 62, 15, 7.7)
INSERT [Bieren] ([BierNr], [Naam], [BrouwerNr], [SoortNr], [Alcohol]) VALUES (335, N'Cuvee de l''An Neuf', 23, 49, 8.5)
INSERT [Bieren] ([BierNr], [Naam], [BrouwerNr], [SoortNr], [Alcohol]) VALUES (336, N'Cuvee de l''Ascension blonde (=Floreffe blonde)', 64, 33, 7)
INSERT [Bieren] ([BierNr], [Naam], [BrouwerNr], [SoortNr], [Alcohol]) VALUES (337, N'Cuvee de l''Ermitage', 111, 14, 7.23)
INSERT [Bieren] ([BierNr], [Naam], [BrouwerNr], [SoortNr], [Alcohol]) VALUES (338, N'Cuvee de l''Ermitage christmas', 111, 14, 7.5)
INSERT [Bieren] ([BierNr], [Naam], [BrouwerNr], [SoortNr], [Alcohol]) VALUES (340, N'Cuvee de la Gate', 44, 18, 6.5)
INSERT [Bieren] ([BierNr], [Naam], [BrouwerNr], [SoortNr], [Alcohol]) VALUES (341, N'Cuvee de la Pucelette (=Floreffe blonde)', 64, 18, 7)
INSERT [Bieren] ([BierNr], [Naam], [BrouwerNr], [SoortNr], [Alcohol]) VALUES (343, N'Cuvee de la Vieille Auberge (=Fagnes (Blonde des))', 119, 15, 8)
INSERT [Bieren] ([BierNr], [Naam], [BrouwerNr], [SoortNr], [Alcohol]) VALUES (344, N'Cuvee de Namur blonde', 56, 15, 7.3)
INSERT [Bieren] ([BierNr], [Naam], [BrouwerNr], [SoortNr], [Alcohol]) VALUES (345, N'Cuvee de Namur brune', 56, 14, 6.7)
INSERT [Bieren] ([BierNr], [Naam], [BrouwerNr], [SoortNr], [Alcohol]) VALUES (349, N'Cuvee de Winamplanche (=Mengsel La Folie/Saison de Pipaix)', 117, 15, 7.5)
INSERT [Bieren] ([BierNr], [Naam], [BrouwerNr], [SoortNr], [Alcohol]) VALUES (350, N'Cuvee de''l Sin Djosef', 44, 15, 8)
INSERT [Bieren] ([BierNr], [Naam], [BrouwerNr], [SoortNr], [Alcohol]) VALUES (351, N'Cuvee des Flandres triple', 56, 59, 7)
INSERT [Bieren] ([BierNr], [Naam], [BrouwerNr], [SoortNr], [Alcohol]) VALUES (352, N'Cuvee des moissons blonde (=Vapeur en folie )', 117, 15, 8)
INSERT [Bieren] ([BierNr], [Naam], [BrouwerNr], [SoortNr], [Alcohol]) VALUES (353, N'Cuvee des tietes de pipes blonde (=Fakir)', 13, 33, 6.8)
INSERT [Bieren] ([BierNr], [Naam], [BrouwerNr], [SoortNr], [Alcohol]) VALUES (354, N'Cuvee des tietes de pipes brune (=Reserve Marie de Hongrie)', 13, 36, 8.7)
INSERT [Bieren] ([BierNr], [Naam], [BrouwerNr], [SoortNr], [Alcohol]) VALUES (356, N'Cuvee du P''tit Lu (=Regal (Saison))', 17, 18, 6)
INSERT [Bieren] ([BierNr], [Naam], [BrouwerNr], [SoortNr], [Alcohol]) VALUES (359, N'Cuvee du Spartacus blonde (=Floreffe blonde)', 64, 33, 7)
INSERT [Bieren] ([BierNr], [Naam], [BrouwerNr], [SoortNr], [Alcohol]) VALUES (360, N'Cuvee du Spartacus brune (=Floreffe double)', 64, 14, 7)
INSERT [Bieren] ([BierNr], [Naam], [BrouwerNr], [SoortNr], [Alcohol]) VALUES (361, N'Cuvee du Tcheste (=Mc Chouffe)', 1, 15, 8.5)
INSERT [Bieren] ([BierNr], [Naam], [BrouwerNr], [SoortNr], [Alcohol]) VALUES (362, N'Cuvee du Tronquoy (=Pipaix (Saison de))', 117, 18, 6.5)
INSERT [Bieren] ([BierNr], [Naam], [BrouwerNr], [SoortNr], [Alcohol]) VALUES (364, N'Cuvee Jean d''Avesnes ambree', 91, 21, 9)
INSERT [Bieren] ([BierNr], [Naam], [BrouwerNr], [SoortNr], [Alcohol]) VALUES (365, N'Cuvee Jean d''Avesnes blanche', 91, 21, 9)
INSERT [Bieren] ([BierNr], [Naam], [BrouwerNr], [SoortNr], [Alcohol]) VALUES (366, N'Cuvee Li Crochon (=St. Benoit brune (brassin special))', 17, 15, 8.5)
INSERT [Bieren] ([BierNr], [Naam], [BrouwerNr], [SoortNr], [Alcohol]) VALUES (367, N'Cuvee Melletoise (=Floreffe blonde)', 64, 18, 7)
INSERT [Bieren] ([BierNr], [Naam], [BrouwerNr], [SoortNr], [Alcohol]) VALUES (369, N'Cuvee Rene grand cru (=Lindemans gueuze gefilterd)', 67, 22, 5)
INSERT [Bieren] ([BierNr], [Naam], [BrouwerNr], [SoortNr], [Alcohol]) VALUES (370, N'Cuvee Saint. Roch (=Soleilmont double)', 64, 18, 6.2)
INSERT [Bieren] ([BierNr], [Naam], [BrouwerNr], [SoortNr], [Alcohol]) VALUES (371, N'Cuvee speciale blanche des Bastions', 21, 53, 5)
INSERT [Bieren] ([BierNr], [Naam], [BrouwerNr], [SoortNr], [Alcohol]) VALUES (373, N'Cuvee speciale du 80e (=Mengsel La Folie/Saison de Pipaix)', 117, 15, 7.5)
INSERT [Bieren] ([BierNr], [Naam], [BrouwerNr], [SoortNr], [Alcohol]) VALUES (376, N'Cuvee speciale Patro Salette (=Mengsel La Folie/Saison de Pipaix)', 117, 15, 7.5)
INSERT [Bieren] ([BierNr], [Naam], [BrouwerNr], [SoortNr], [Alcohol]) VALUES (377, N'Cuvee St-Francois Xavier', 72, 15, 7.5)
INSERT [Bieren] ([BierNr], [Naam], [BrouwerNr], [SoortNr], [Alcohol]) VALUES (379, N'Cuvee St. Berthuin (=Floreffe blonde)', 64, 18, 7)
INSERT [Bieren] ([BierNr], [Naam], [BrouwerNr], [SoortNr], [Alcohol]) VALUES (380, N'Cuvee St. Hadelin blonde (=St. Benoit blonde)', 17, 33, 6.5)
INSERT [Bieren] ([BierNr], [Naam], [BrouwerNr], [SoortNr], [Alcohol]) VALUES (381, N'Cuvee St. Hadelin brune (=St. Benoit brune)', 17, 14, 6.5)
GO
print 'Processed 300 total records'
INSERT [Bieren] ([BierNr], [Naam], [BrouwerNr], [SoortNr], [Alcohol]) VALUES (387, N'Daens', 113, 15, 7.5)
INSERT [Bieren] ([BierNr], [Naam], [BrouwerNr], [SoortNr], [Alcohol]) VALUES (388, N'Daiselnaere (=Steenbrugge (Abdij))', 50, 18, 6.5)
INSERT [Bieren] ([BierNr], [Naam], [BrouwerNr], [SoortNr], [Alcohol]) VALUES (389, N'Darbyste (Biere)', 15, 14, 5.8)
INSERT [Bieren] ([BierNr], [Naam], [BrouwerNr], [SoortNr], [Alcohol]) VALUES (390, N'De Koninck', 62, 6, 5)
INSERT [Bieren] ([BierNr], [Naam], [BrouwerNr], [SoortNr], [Alcohol]) VALUES (392, N'De Koninck gueuze (=De Neve gueuze ongefilterd)', 11, 55, 5.2)
INSERT [Bieren] ([BierNr], [Naam], [BrouwerNr], [SoortNr], [Alcohol]) VALUES (393, N'De Koninck kriek (=De Neve kriek)', 11, 55, 5.2)
INSERT [Bieren] ([BierNr], [Naam], [BrouwerNr], [SoortNr], [Alcohol]) VALUES (395, N'De Neve frambozen', 11, 22, 5.2)
INSERT [Bieren] ([BierNr], [Naam], [BrouwerNr], [SoortNr], [Alcohol]) VALUES (396, N'De Neve gueuze gefilterd', 11, 22, 5.2)
INSERT [Bieren] ([BierNr], [Naam], [BrouwerNr], [SoortNr], [Alcohol]) VALUES (397, N'De Neve gueuze ongefilterd', 11, 55, 5.2)
INSERT [Bieren] ([BierNr], [Naam], [BrouwerNr], [SoortNr], [Alcohol]) VALUES (398, N'De Neve kriek', 11, 22, 5.2)
INSERT [Bieren] ([BierNr], [Naam], [BrouwerNr], [SoortNr], [Alcohol]) VALUES (399, N'De Neve lambik', 9, 56, 5)
INSERT [Bieren] ([BierNr], [Naam], [BrouwerNr], [SoortNr], [Alcohol]) VALUES (400, N'De Ryck (Special)', 95, 33, 4.2)
INSERT [Bieren] ([BierNr], [Naam], [BrouwerNr], [SoortNr], [Alcohol]) VALUES (401, N'De Ryck christmas pale ale', 95, 6, 4.7)
INSERT [Bieren] ([BierNr], [Naam], [BrouwerNr], [SoortNr], [Alcohol]) VALUES (402, N'De Ryck kriek', 95, 18, 4.7)
INSERT [Bieren] ([BierNr], [Naam], [BrouwerNr], [SoortNr], [Alcohol]) VALUES (403, N'De Troch gueuze ongefilterd', 110, 55, 5.5)
INSERT [Bieren] ([BierNr], [Naam], [BrouwerNr], [SoortNr], [Alcohol]) VALUES (404, N'Deca Lux pils', 30, 42, NULL)
INSERT [Bieren] ([BierNr], [Naam], [BrouwerNr], [SoortNr], [Alcohol]) VALUES (405, N'Deins paasbier', 112, 14, 8)
INSERT [Bieren] ([BierNr], [Naam], [BrouwerNr], [SoortNr], [Alcohol]) VALUES (406, N'Delhaize blond tafelbier (=Piedboeuf blonde)', 58, 51, NULL)
INSERT [Bieren] ([BierNr], [Naam], [BrouwerNr], [SoortNr], [Alcohol]) VALUES (407, N'Delhaize bruin tafelbier (=Piedboeuf dubbel - foncee)', 58, 51, NULL)
INSERT [Bieren] ([BierNr], [Naam], [BrouwerNr], [SoortNr], [Alcohol]) VALUES (408, N'Delhaize christmas (=Affligem christmas ale (Abdij))', 100, 36, 9)
INSERT [Bieren] ([BierNr], [Naam], [BrouwerNr], [SoortNr], [Alcohol]) VALUES (409, N'Delhaize wit bier', 100, 53, 5)
INSERT [Bieren] ([BierNr], [Naam], [BrouwerNr], [SoortNr], [Alcohol]) VALUES (410, N'Delirium Tremens', 56, 21, 9)
INSERT [Bieren] ([BierNr], [Naam], [BrouwerNr], [SoortNr], [Alcohol]) VALUES (411, N'Dentergems witbier - Riva blanche', 87, 53, 5)
INSERT [Bieren] ([BierNr], [Naam], [BrouwerNr], [SoortNr], [Alcohol]) VALUES (412, N'Derby blond (=Piedboeuf blonde)', 58, 51, 1.7)
INSERT [Bieren] ([BierNr], [Naam], [BrouwerNr], [SoortNr], [Alcohol]) VALUES (413, N'Derby bruin (=Piedboeuf dubbel - foncee)', 58, 51, 1.7)
INSERT [Bieren] ([BierNr], [Naam], [BrouwerNr], [SoortNr], [Alcohol]) VALUES (414, N'Derby pils (=Haacht pils)', 51, 42, 4.7)
INSERT [Bieren] ([BierNr], [Naam], [BrouwerNr], [SoortNr], [Alcohol]) VALUES (415, N'Deugniet (=Moine (triple))', 17, 15, 8)
INSERT [Bieren] ([BierNr], [Naam], [BrouwerNr], [SoortNr], [Alcohol]) VALUES (416, N'Dieleghem ambree (Abbaye de)', 64, 6, 6.5)
INSERT [Bieren] ([BierNr], [Naam], [BrouwerNr], [SoortNr], [Alcohol]) VALUES (417, N'Dieleghem blonde (Abbaye de) (=Floreffe blonde)', 64, 33, 7)
INSERT [Bieren] ([BierNr], [Naam], [BrouwerNr], [SoortNr], [Alcohol]) VALUES (418, N'Dieleghem foncee (Abbaye de) (=Floreffe double)', 64, 14, 7)
INSERT [Bieren] ([BierNr], [Naam], [BrouwerNr], [SoortNr], [Alcohol]) VALUES (419, N'Dikke Mathile', 107, 18, 6)
INSERT [Bieren] ([BierNr], [Naam], [BrouwerNr], [SoortNr], [Alcohol]) VALUES (420, N'Dikkenek', 100, 14, 5.1)
INSERT [Bieren] ([BierNr], [Naam], [BrouwerNr], [SoortNr], [Alcohol]) VALUES (421, N'Dirk Martensbier (=Bornem tripel)', 14, 59, 9)
INSERT [Bieren] ([BierNr], [Naam], [BrouwerNr], [SoortNr], [Alcohol]) VALUES (422, N'Divine', 98, 36, 9.5)
INSERT [Bieren] ([BierNr], [Naam], [BrouwerNr], [SoortNr], [Alcohol]) VALUES (423, N'Dobbelken (=Ichtegem''s oud bruin)', 107, 62, 4.9)
INSERT [Bieren] ([BierNr], [Naam], [BrouwerNr], [SoortNr], [Alcohol]) VALUES (424, N'Dolmenius (=St. Benoit blonde)', 17, 18, 6.5)
INSERT [Bieren] ([BierNr], [Naam], [BrouwerNr], [SoortNr], [Alcohol]) VALUES (425, N'Domaine du bois d''Anchin', 91, 21, 9)
INSERT [Bieren] ([BierNr], [Naam], [BrouwerNr], [SoortNr], [Alcohol]) VALUES (426, N'Domein bleek (=Augustijn)', 14, 15, 8)
INSERT [Bieren] ([BierNr], [Naam], [BrouwerNr], [SoortNr], [Alcohol]) VALUES (427, N'Domein donker (=Bornem dubbel)', 14, 14, 8)
INSERT [Bieren] ([BierNr], [Naam], [BrouwerNr], [SoortNr], [Alcohol]) VALUES (428, N'Dommelsch malt', 6, 3, 0.1)
INSERT [Bieren] ([BierNr], [Naam], [BrouwerNr], [SoortNr], [Alcohol]) VALUES (431, N'Double Enghien blonde', 98, 15, 7.5)
INSERT [Bieren] ([BierNr], [Naam], [BrouwerNr], [SoortNr], [Alcohol]) VALUES (432, N'Double Enghien brune', 98, 14, 8)
INSERT [Bieren] ([BierNr], [Naam], [BrouwerNr], [SoortNr], [Alcohol]) VALUES (433, N'Doux chemin de l''amour (Le) (=Fagnes (Blonde des))', 119, 15, 8)
INSERT [Bieren] ([BierNr], [Naam], [BrouwerNr], [SoortNr], [Alcohol]) VALUES (434, N'Drie Fonteinen faro', 35, 54, 5)
INSERT [Bieren] ([BierNr], [Naam], [BrouwerNr], [SoortNr], [Alcohol]) VALUES (435, N'Drie Fonteinen frambozenlambik', 35, 56, 5)
INSERT [Bieren] ([BierNr], [Naam], [BrouwerNr], [SoortNr], [Alcohol]) VALUES (436, N'Drie Fonteinen gueuze', 35, 55, 5)
INSERT [Bieren] ([BierNr], [Naam], [BrouwerNr], [SoortNr], [Alcohol]) VALUES (437, N'Drie Fonteinen kriek', 35, 55, 5)
INSERT [Bieren] ([BierNr], [Naam], [BrouwerNr], [SoortNr], [Alcohol]) VALUES (438, N'Drie Fonteinen kriek van het vat', 35, 55, 5)
INSERT [Bieren] ([BierNr], [Naam], [BrouwerNr], [SoortNr], [Alcohol]) VALUES (439, N'Drie Fonteinen kriekenlambik', 35, 56, 5)
INSERT [Bieren] ([BierNr], [Naam], [BrouwerNr], [SoortNr], [Alcohol]) VALUES (442, N'Drongens plezierke (=Ambiorix dubbel)', 99, 15, 8)
INSERT [Bieren] ([BierNr], [Naam], [BrouwerNr], [SoortNr], [Alcohol]) VALUES (443, N'Drossaard blond', 56, 33, 7)
INSERT [Bieren] ([BierNr], [Naam], [BrouwerNr], [SoortNr], [Alcohol]) VALUES (444, N'Drossaard donker', 103, 14, 7)
INSERT [Bieren] ([BierNr], [Naam], [BrouwerNr], [SoortNr], [Alcohol]) VALUES (445, N'Duchesse de Bourgogne', 118, 62, 6.2)
INSERT [Bieren] ([BierNr], [Naam], [BrouwerNr], [SoortNr], [Alcohol]) VALUES (446, N'Duivels bier', 115, 60, 6)
INSERT [Bieren] ([BierNr], [Naam], [BrouwerNr], [SoortNr], [Alcohol]) VALUES (447, N'Dulle Teve', 32, 11, 10)
INSERT [Bieren] ([BierNr], [Naam], [BrouwerNr], [SoortNr], [Alcohol]) VALUES (448, N'Dupont biologique (Saison)', 37, 45, 5.5)
INSERT [Bieren] ([BierNr], [Naam], [BrouwerNr], [SoortNr], [Alcohol]) VALUES (449, N'Dupont vieille provision (Saison)', 37, 45, 6.5)
INSERT [Bieren] ([BierNr], [Naam], [BrouwerNr], [SoortNr], [Alcohol]) VALUES (450, N'Durboyse ambree', 64, 18, 7)
INSERT [Bieren] ([BierNr], [Naam], [BrouwerNr], [SoortNr], [Alcohol]) VALUES (451, N'Durboyse blonde', 64, 15, 8)
INSERT [Bieren] ([BierNr], [Naam], [BrouwerNr], [SoortNr], [Alcohol]) VALUES (452, N'Durboyse blonde  (=Floreffe blonde)', 64, 33, 7)
INSERT [Bieren] ([BierNr], [Naam], [BrouwerNr], [SoortNr], [Alcohol]) VALUES (453, N'Durboyse brune  (=Floreffe double)', 64, 14, 7)
INSERT [Bieren] ([BierNr], [Naam], [BrouwerNr], [SoortNr], [Alcohol]) VALUES (454, N'Duvel groen', 74, 15, 7.5)
INSERT [Bieren] ([BierNr], [Naam], [BrouwerNr], [SoortNr], [Alcohol]) VALUES (455, N'Duvel rood', 74, 15, 8.5)
INSERT [Bieren] ([BierNr], [Naam], [BrouwerNr], [SoortNr], [Alcohol]) VALUES (456, N'Eautex de Brunehaut', 21, 18, 6)
INSERT [Bieren] ([BierNr], [Naam], [BrouwerNr], [SoortNr], [Alcohol]) VALUES (457, N'Ecume des jours', 21, 18, 7)
INSERT [Bieren] ([BierNr], [Naam], [BrouwerNr], [SoortNr], [Alcohol]) VALUES (458, N'Edel-Brau', 107, 3, 0.1)
INSERT [Bieren] ([BierNr], [Naam], [BrouwerNr], [SoortNr], [Alcohol]) VALUES (461, N'El Vert Doudou (=Pipaix (Saison de))', 117, 18, 6.5)
INSERT [Bieren] ([BierNr], [Naam], [BrouwerNr], [SoortNr], [Alcohol]) VALUES (462, N'El'' Simpelourd', 21, 18, 6.5)
INSERT [Bieren] ([BierNr], [Naam], [BrouwerNr], [SoortNr], [Alcohol]) VALUES (465, N'Ename dubbel', 93, 14, 6.5)
INSERT [Bieren] ([BierNr], [Naam], [BrouwerNr], [SoortNr], [Alcohol]) VALUES (466, N'Ename tripel', 93, 59, 9)
INSERT [Bieren] ([BierNr], [Naam], [BrouwerNr], [SoortNr], [Alcohol]) VALUES (467, N'Engel (Nen)', 33, 14, 8)
INSERT [Bieren] ([BierNr], [Naam], [BrouwerNr], [SoortNr], [Alcohol]) VALUES (468, N'Engeltjes bier', 104, 36, 10)
INSERT [Bieren] ([BierNr], [Naam], [BrouwerNr], [SoortNr], [Alcohol]) VALUES (469, N'Ensor', 107, 18, 6.5)
INSERT [Bieren] ([BierNr], [Naam], [BrouwerNr], [SoortNr], [Alcohol]) VALUES (472, N'Epeautre (Saison d'')', 15, 45, 6)
INSERT [Bieren] ([BierNr], [Naam], [BrouwerNr], [SoortNr], [Alcohol]) VALUES (473, N'Erezee (Saison d'') - Automne', 44, 18, 7)
INSERT [Bieren] ([BierNr], [Naam], [BrouwerNr], [SoortNr], [Alcohol]) VALUES (474, N'Erezee (Saison d'') - Ete', 44, 18, 7)
INSERT [Bieren] ([BierNr], [Naam], [BrouwerNr], [SoortNr], [Alcohol]) VALUES (475, N'Erezee (Saison d'') - Hiver', 44, 15, 8)
INSERT [Bieren] ([BierNr], [Naam], [BrouwerNr], [SoortNr], [Alcohol]) VALUES (476, N'Erezee (Saison d'') - Printemps', 44, 18, 6.2)
INSERT [Bieren] ([BierNr], [Naam], [BrouwerNr], [SoortNr], [Alcohol]) VALUES (478, N'Essen Bakkersmolen Wildert blond', 91, 33, 6)
INSERT [Bieren] ([BierNr], [Naam], [BrouwerNr], [SoortNr], [Alcohol]) VALUES (479, N'Essen Bakkersmolen Wildert bruin', 91, 14, 6)
INSERT [Bieren] ([BierNr], [Naam], [BrouwerNr], [SoortNr], [Alcohol]) VALUES (480, N'Etoile (La speciale) (=Vapeur rousse )', 117, 15, 8)
INSERT [Bieren] ([BierNr], [Naam], [BrouwerNr], [SoortNr], [Alcohol]) VALUES (481, N'Eupener caramel', 41, 51, 1.8)
INSERT [Bieren] ([BierNr], [Naam], [BrouwerNr], [SoortNr], [Alcohol]) VALUES (482, N'Eupener export', 41, 42, 4)
INSERT [Bieren] ([BierNr], [Naam], [BrouwerNr], [SoortNr], [Alcohol]) VALUES (483, N'Eupener extra light', 41, 34, 2.5)
INSERT [Bieren] ([BierNr], [Naam], [BrouwerNr], [SoortNr], [Alcohol]) VALUES (484, N'Eupener klosterbier special bock', 41, 12, 6.5)
INSERT [Bieren] ([BierNr], [Naam], [BrouwerNr], [SoortNr], [Alcohol]) VALUES (485, N'Eupener pils', 41, 42, 4.5)
INSERT [Bieren] ([BierNr], [Naam], [BrouwerNr], [SoortNr], [Alcohol]) VALUES (487, N'Eurotica', 117, 21, 9.5)
INSERT [Bieren] ([BierNr], [Naam], [BrouwerNr], [SoortNr], [Alcohol]) VALUES (488, N'Ever', 14, 33, 5)
INSERT [Bieren] ([BierNr], [Naam], [BrouwerNr], [SoortNr], [Alcohol]) VALUES (489, N'Eylenbosch framboise lambic', 42, 22, 4)
INSERT [Bieren] ([BierNr], [Naam], [BrouwerNr], [SoortNr], [Alcohol]) VALUES (490, N'Eylenbosch gueuze lambic', 42, 22, 4)
INSERT [Bieren] ([BierNr], [Naam], [BrouwerNr], [SoortNr], [Alcohol]) VALUES (491, N'Eylenbosch kriek lambic', 42, 22, 4)
INSERT [Bieren] ([BierNr], [Naam], [BrouwerNr], [SoortNr], [Alcohol]) VALUES (492, N'Ezel (=Gapers bier)', 118, 18, 7)
INSERT [Bieren] ([BierNr], [Naam], [BrouwerNr], [SoortNr], [Alcohol]) VALUES (494, N'Facon export', 43, 42, 4.5)
INSERT [Bieren] ([BierNr], [Naam], [BrouwerNr], [SoortNr], [Alcohol]) VALUES (495, N'Facon extra stout', 43, 49, 5.4)
INSERT [Bieren] ([BierNr], [Naam], [BrouwerNr], [SoortNr], [Alcohol]) VALUES (496, N'Facon oud bruin', 43, 62, 4.5)
INSERT [Bieren] ([BierNr], [Naam], [BrouwerNr], [SoortNr], [Alcohol]) VALUES (497, N'Facon pils', 43, 42, 4.7)
INSERT [Bieren] ([BierNr], [Naam], [BrouwerNr], [SoortNr], [Alcohol]) VALUES (498, N'Facon scotch-christmas', 43, 46, 6.1)
INSERT [Bieren] ([BierNr], [Naam], [BrouwerNr], [SoortNr], [Alcohol]) VALUES (499, N'Facon tafelbier blond', 43, 51, 1.5)
INSERT [Bieren] ([BierNr], [Naam], [BrouwerNr], [SoortNr], [Alcohol]) VALUES (500, N'Facon tafelbier bruin', 43, 51, 1.5)
INSERT [Bieren] ([BierNr], [Naam], [BrouwerNr], [SoortNr], [Alcohol]) VALUES (503, N'Fagnes (Blonde des)', 119, 15, 8)
INSERT [Bieren] ([BierNr], [Naam], [BrouwerNr], [SoortNr], [Alcohol]) VALUES (504, N'Fagnes (Rousse des)', 119, 15, 8)
GO
print 'Processed 400 total records'
INSERT [Bieren] ([BierNr], [Naam], [BrouwerNr], [SoortNr], [Alcohol]) VALUES (505, N'Fakir', 13, 33, 6.8)
INSERT [Bieren] ([BierNr], [Naam], [BrouwerNr], [SoortNr], [Alcohol]) VALUES (508, N'Fancy', 8, 8, 1.5)
INSERT [Bieren] ([BierNr], [Naam], [BrouwerNr], [SoortNr], [Alcohol]) VALUES (510, N'Fantome', 44, 14, 8)
INSERT [Bieren] ([BierNr], [Naam], [BrouwerNr], [SoortNr], [Alcohol]) VALUES (511, N'Fantome brewery (The best of)', 44, 36, 12)
INSERT [Bieren] ([BierNr], [Naam], [BrouwerNr], [SoortNr], [Alcohol]) VALUES (512, N'Fantome de noel', 44, 14, 8)
INSERT [Bieren] ([BierNr], [Naam], [BrouwerNr], [SoortNr], [Alcohol]) VALUES (513, N'Fantomette', 44, 15, 8)
INSERT [Bieren] ([BierNr], [Naam], [BrouwerNr], [SoortNr], [Alcohol]) VALUES (516, N'Felix kriekbier', 26, 61, 5)
INSERT [Bieren] ([BierNr], [Naam], [BrouwerNr], [SoortNr], [Alcohol]) VALUES (517, N'Felix Oudenaards kriekbier', 26, 61, 6)
INSERT [Bieren] ([BierNr], [Naam], [BrouwerNr], [SoortNr], [Alcohol]) VALUES (518, N'Felix Oudenaards oud bruin', 26, 61, 5.5)
INSERT [Bieren] ([BierNr], [Naam], [BrouwerNr], [SoortNr], [Alcohol]) VALUES (519, N'Felix pils', 26, 42, 5)
INSERT [Bieren] ([BierNr], [Naam], [BrouwerNr], [SoortNr], [Alcohol]) VALUES (520, N'Felix speciaal Oudenaards', 26, 61, 4.8)
INSERT [Bieren] ([BierNr], [Naam], [BrouwerNr], [SoortNr], [Alcohol]) VALUES (522, N'Feuilles Mortes (Les) (=Moinette blonde)', 37, 15, 8.5)
INSERT [Bieren] ([BierNr], [Naam], [BrouwerNr], [SoortNr], [Alcohol]) VALUES (523, N'Fiertelbier (=Kapittel abt (Het))', 113, 21, 10)
INSERT [Bieren] ([BierNr], [Naam], [BrouwerNr], [SoortNr], [Alcohol]) VALUES (525, N'Filee  (=Augustijn)', 14, 15, 8)
INSERT [Bieren] ([BierNr], [Naam], [BrouwerNr], [SoortNr], [Alcohol]) VALUES (526, N'Fink brau (=Premium pilsener)', 70, 42, 5)
INSERT [Bieren] ([BierNr], [Naam], [BrouwerNr], [SoortNr], [Alcohol]) VALUES (527, N'Fink brau (=Wieze pils)', 125, 42, 5)
INSERT [Bieren] ([BierNr], [Naam], [BrouwerNr], [SoortNr], [Alcohol]) VALUES (528, N'Fire fox', 56, 18, 7)
INSERT [Bieren] ([BierNr], [Naam], [BrouwerNr], [SoortNr], [Alcohol]) VALUES (529, N'Fitt', 125, 2, 15)
INSERT [Bieren] ([BierNr], [Naam], [BrouwerNr], [SoortNr], [Alcohol]) VALUES (530, N'Flanders triple grand cru (=St. Sebastiaan grand cru)', 105, 15, 7.6)
INSERT [Bieren] ([BierNr], [Naam], [BrouwerNr], [SoortNr], [Alcohol]) VALUES (532, N'Flandrien', 68, 18, 5)
INSERT [Bieren] ([BierNr], [Naam], [BrouwerNr], [SoortNr], [Alcohol]) VALUES (533, N'Fleurie de Wanze', 1, 15, 8)
INSERT [Bieren] ([BierNr], [Naam], [BrouwerNr], [SoortNr], [Alcohol]) VALUES (534, N'Flierefluiter (Ne) (=Affligem blond (Abdij))', 100, 18, 7)
INSERT [Bieren] ([BierNr], [Naam], [BrouwerNr], [SoortNr], [Alcohol]) VALUES (537, N'Floreffe (Blanche de)', 64, 53, 5)
INSERT [Bieren] ([BierNr], [Naam], [BrouwerNr], [SoortNr], [Alcohol]) VALUES (538, N'Floreffe blonde', 64, 33, 6.5)
INSERT [Bieren] ([BierNr], [Naam], [BrouwerNr], [SoortNr], [Alcohol]) VALUES (539, N'Floreffe double', 64, 14, 7)
INSERT [Bieren] ([BierNr], [Naam], [BrouwerNr], [SoortNr], [Alcohol]) VALUES (540, N'Floreffe la meilleure', 64, 36, 8)
INSERT [Bieren] ([BierNr], [Naam], [BrouwerNr], [SoortNr], [Alcohol]) VALUES (541, N'Floreffe triple (=Bonne Esperance (Abbaye de))', 64, 59, 7.5)
INSERT [Bieren] ([BierNr], [Naam], [BrouwerNr], [SoortNr], [Alcohol]) VALUES (542, N'Florisgaarden chocolat', 56, 53, 3)
INSERT [Bieren] ([BierNr], [Naam], [BrouwerNr], [SoortNr], [Alcohol]) VALUES (543, N'Florisgaarden fraises', 56, 53, 3)
INSERT [Bieren] ([BierNr], [Naam], [BrouwerNr], [SoortNr], [Alcohol]) VALUES (544, N'Florisgaarden griotte', 56, 53, 3)
INSERT [Bieren] ([BierNr], [Naam], [BrouwerNr], [SoortNr], [Alcohol]) VALUES (545, N'Florisgaarden ninkeberry', 56, 53, 3)
INSERT [Bieren] ([BierNr], [Naam], [BrouwerNr], [SoortNr], [Alcohol]) VALUES (546, N'Florisgaarden passion', 56, 53, 3)
INSERT [Bieren] ([BierNr], [Naam], [BrouwerNr], [SoortNr], [Alcohol]) VALUES (547, N'Florisgaarden witbier', 56, 53, 5)
INSERT [Bieren] ([BierNr], [Naam], [BrouwerNr], [SoortNr], [Alcohol]) VALUES (548, N'Florival blond (Abdij) (=Affligem blond (Abdij))', 100, 33, 7)
INSERT [Bieren] ([BierNr], [Naam], [BrouwerNr], [SoortNr], [Alcohol]) VALUES (549, N'Florival bruin (Abdij) (=Affligem dubbel (Abdij))', 100, 14, 7)
INSERT [Bieren] ([BierNr], [Naam], [BrouwerNr], [SoortNr], [Alcohol]) VALUES (550, N'Foire verte de l''eau d''heure cuvee speciale', 97, 18, 6)
INSERT [Bieren] ([BierNr], [Naam], [BrouwerNr], [SoortNr], [Alcohol]) VALUES (552, N'Follie  (=Vapeur legere)', 117, 34, 4.5)
INSERT [Bieren] ([BierNr], [Naam], [BrouwerNr], [SoortNr], [Alcohol]) VALUES (553, N'Foret (=Dupont biologique (Saison))', 37, 18, 5.5)
INSERT [Bieren] ([BierNr], [Naam], [BrouwerNr], [SoortNr], [Alcohol]) VALUES (554, N'Foudroyante de Bruxelles (Blanche) (=Student)', 64, 53, 4.5)
INSERT [Bieren] ([BierNr], [Naam], [BrouwerNr], [SoortNr], [Alcohol]) VALUES (555, N'Foudroyante framboise (=Lindemans framboise)', 67, 31, 3.5)
INSERT [Bieren] ([BierNr], [Naam], [BrouwerNr], [SoortNr], [Alcohol]) VALUES (556, N'Foudroyante gueuze (=Lindemans gueuze gefilterd)', 67, 22, 5)
INSERT [Bieren] ([BierNr], [Naam], [BrouwerNr], [SoortNr], [Alcohol]) VALUES (557, N'Foudroyante kriek (=Lindemans kriek)', 67, 31, 4)
INSERT [Bieren] ([BierNr], [Naam], [BrouwerNr], [SoortNr], [Alcohol]) VALUES (558, N'Foudroyante myrtille', 67, 31, 3.5)
INSERT [Bieren] ([BierNr], [Naam], [BrouwerNr], [SoortNr], [Alcohol]) VALUES (559, N'Foudroyante peche (=Pecheresse)', 67, 31, 3)
INSERT [Bieren] ([BierNr], [Naam], [BrouwerNr], [SoortNr], [Alcohol]) VALUES (560, N'Four chapitre  (=Floreffe blonde)', 64, 18, 7)
INSERT [Bieren] ([BierNr], [Naam], [BrouwerNr], [SoortNr], [Alcohol]) VALUES (565, N'Francorchamps (Blanche de) (=Student)', 64, 53, 4.5)
INSERT [Bieren] ([BierNr], [Naam], [BrouwerNr], [SoortNr], [Alcohol]) VALUES (566, N'Frenette', 117, 8, 3)
INSERT [Bieren] ([BierNr], [Naam], [BrouwerNr], [SoortNr], [Alcohol]) VALUES (567, N'Freutche (=1900 (Saison))', 64, 18, 5)
INSERT [Bieren] ([BierNr], [Naam], [BrouwerNr], [SoortNr], [Alcohol]) VALUES (568, N'Frontaliere  (=Mengsel La Folie/Saison de Pipaix)', 117, 15, 7.5)
INSERT [Bieren] ([BierNr], [Naam], [BrouwerNr], [SoortNr], [Alcohol]) VALUES (569, N'Fumee d''Anvers', 120, 44, 7)
INSERT [Bieren] ([BierNr], [Naam], [BrouwerNr], [SoortNr], [Alcohol]) VALUES (570, N'Gaillarde de "la Posterie" cuvee spec. (=Bons voeux (Avec les -- de la brasserie))', 37, 21, 9.5)
INSERT [Bieren] ([BierNr], [Naam], [BrouwerNr], [SoortNr], [Alcohol]) VALUES (571, N'Gala pils (=Haacht pils)', 51, 42, 4.7)
INSERT [Bieren] ([BierNr], [Naam], [BrouwerNr], [SoortNr], [Alcohol]) VALUES (572, N'Galmaarden dubbel Meesters bier', 71, 14, 7)
INSERT [Bieren] ([BierNr], [Naam], [BrouwerNr], [SoortNr], [Alcohol]) VALUES (574, N'Galmaarden tripel Meesters bier', 71, 59, 7.5)
INSERT [Bieren] ([BierNr], [Naam], [BrouwerNr], [SoortNr], [Alcohol]) VALUES (575, N'Gambrinus bock (=Sernia bock)', 58, 51, 3.8)
INSERT [Bieren] ([BierNr], [Naam], [BrouwerNr], [SoortNr], [Alcohol]) VALUES (576, N'Gambrinus pils (=Sernia pils)', 58, 42, 4.6)
INSERT [Bieren] ([BierNr], [Naam], [BrouwerNr], [SoortNr], [Alcohol]) VALUES (577, N'Gapers bier', 118, 18, 7)
INSERT [Bieren] ([BierNr], [Naam], [BrouwerNr], [SoortNr], [Alcohol]) VALUES (578, N'Gauloise ambree', 17, 6, 6.5)
INSERT [Bieren] ([BierNr], [Naam], [BrouwerNr], [SoortNr], [Alcohol]) VALUES (579, N'Gauloise blonde', 17, 15, 7)
INSERT [Bieren] ([BierNr], [Naam], [BrouwerNr], [SoortNr], [Alcohol]) VALUES (580, N'Gauloise brune', 17, 36, 9)
INSERT [Bieren] ([BierNr], [Naam], [BrouwerNr], [SoortNr], [Alcohol]) VALUES (581, N'Gaumaise blonde', 48, 33, 5)
INSERT [Bieren] ([BierNr], [Naam], [BrouwerNr], [SoortNr], [Alcohol]) VALUES (582, N'Gaumaise brune', 48, 14, 5)
INSERT [Bieren] ([BierNr], [Naam], [BrouwerNr], [SoortNr], [Alcohol]) VALUES (583, N'Gaverhopke (''t) blond', 47, 15, 8)
INSERT [Bieren] ([BierNr], [Naam], [BrouwerNr], [SoortNr], [Alcohol]) VALUES (584, N'Gaverhopke (''t) bruin 12', 47, 36, 12)
INSERT [Bieren] ([BierNr], [Naam], [BrouwerNr], [SoortNr], [Alcohol]) VALUES (585, N'Gaverhopke (''t) bruin 8', 47, 14, 8)
INSERT [Bieren] ([BierNr], [Naam], [BrouwerNr], [SoortNr], [Alcohol]) VALUES (586, N'Gayette  (=St. Benoit brune)', 17, 18, 6.5)
INSERT [Bieren] ([BierNr], [Naam], [BrouwerNr], [SoortNr], [Alcohol]) VALUES (587, N'GB special amber (=Op-ale)', 100, 6, 5)
INSERT [Bieren] ([BierNr], [Naam], [BrouwerNr], [SoortNr], [Alcohol]) VALUES (588, N'GB tafelbier tripel (=Bavaro)', 51, 51, 3.4)
INSERT [Bieren] ([BierNr], [Naam], [BrouwerNr], [SoortNr], [Alcohol]) VALUES (591, N'Geants (Speciale des) (=Bonne Esperance (Abbaye de))', 64, 15, 8)
INSERT [Bieren] ([BierNr], [Naam], [BrouwerNr], [SoortNr], [Alcohol]) VALUES (592, N'Geldonia blonde  (=St. Benoit blonde)', 17, 33, 6.5)
INSERT [Bieren] ([BierNr], [Naam], [BrouwerNr], [SoortNr], [Alcohol]) VALUES (593, N'Geldonia brune  (=St. Benoit brune)', 17, 14, 6.5)
INSERT [Bieren] ([BierNr], [Naam], [BrouwerNr], [SoortNr], [Alcohol]) VALUES (594, N'Gembloux (Biere de l''abbaye de) (=Bonne Esperance (Abbaye de))', 64, 15, 8)
INSERT [Bieren] ([BierNr], [Naam], [BrouwerNr], [SoortNr], [Alcohol]) VALUES (595, N'Gentse tripel', 54, 59, 8)
INSERT [Bieren] ([BierNr], [Naam], [BrouwerNr], [SoortNr], [Alcohol]) VALUES (597, N'Gigi double blonde', 48, 51, 1.17)
INSERT [Bieren] ([BierNr], [Naam], [BrouwerNr], [SoortNr], [Alcohol]) VALUES (598, N'Gigi speciale', 48, 51, 2.38)
INSERT [Bieren] ([BierNr], [Naam], [BrouwerNr], [SoortNr], [Alcohol]) VALUES (599, N'Gildenbier', 51, 14, 7)
INSERT [Bieren] ([BierNr], [Naam], [BrouwerNr], [SoortNr], [Alcohol]) VALUES (600, N'Ginder ale', 6, 6, 5.1)
INSERT [Bieren] ([BierNr], [Naam], [BrouwerNr], [SoortNr], [Alcohol]) VALUES (601, N'Girardin framboise', 49, 55, 5)
INSERT [Bieren] ([BierNr], [Naam], [BrouwerNr], [SoortNr], [Alcohol]) VALUES (602, N'Girardin gueuze 1882', 49, 55, 5)
INSERT [Bieren] ([BierNr], [Naam], [BrouwerNr], [SoortNr], [Alcohol]) VALUES (603, N'Girardin kriek 1882', 49, 55, 5)
INSERT [Bieren] ([BierNr], [Naam], [BrouwerNr], [SoortNr], [Alcohol]) VALUES (604, N'Girardin kriekenlambik', 49, 56, 5)
INSERT [Bieren] ([BierNr], [Naam], [BrouwerNr], [SoortNr], [Alcohol]) VALUES (605, N'Girardin lambik', 49, 56, 5)
INSERT [Bieren] ([BierNr], [Naam], [BrouwerNr], [SoortNr], [Alcohol]) VALUES (607, N'Godefroy', 74, 14, 5.8)
INSERT [Bieren] ([BierNr], [Naam], [BrouwerNr], [SoortNr], [Alcohol]) VALUES (608, N'Godefroy premium pils (=Bel pils)', 74, 42, 5.3)
INSERT [Bieren] ([BierNr], [Naam], [BrouwerNr], [SoortNr], [Alcohol]) VALUES (609, N'Goen (Ne) (=Augustijn)', 14, 15, 8)
INSERT [Bieren] ([BierNr], [Naam], [BrouwerNr], [SoortNr], [Alcohol]) VALUES (610, N'Goldburg', 8, 42, 5.2)
INSERT [Bieren] ([BierNr], [Naam], [BrouwerNr], [SoortNr], [Alcohol]) VALUES (612, N'Golden dragon beer (=Gulden Draak)', 14, 21, 10.5)
INSERT [Bieren] ([BierNr], [Naam], [BrouwerNr], [SoortNr], [Alcohol]) VALUES (613, N'Golden Kenia', 56, 42, 5)
INSERT [Bieren] ([BierNr], [Naam], [BrouwerNr], [SoortNr], [Alcohol]) VALUES (614, N'Golding Campina', 69, 42, 5)
INSERT [Bieren] ([BierNr], [Naam], [BrouwerNr], [SoortNr], [Alcohol]) VALUES (617, N'Gouden Carolus', 4, 14, 7.6)
INSERT [Bieren] ([BierNr], [Naam], [BrouwerNr], [SoortNr], [Alcohol]) VALUES (620, N'Gougnies  (=Moinette blonde)', 37, 15, 8.5)
INSERT [Bieren] ([BierNr], [Naam], [BrouwerNr], [SoortNr], [Alcohol]) VALUES (621, N'Grand bi-ere de blondine', 104, 33, 6)
INSERT [Bieren] ([BierNr], [Naam], [BrouwerNr], [SoortNr], [Alcohol]) VALUES (623, N'Grande Axhoise', 76, 18, 6.5)
INSERT [Bieren] ([BierNr], [Naam], [BrouwerNr], [SoortNr], [Alcohol]) VALUES (626, N'Green''s beer', 44, 15, 8)
INSERT [Bieren] ([BierNr], [Naam], [BrouwerNr], [SoortNr], [Alcohol]) VALUES (628, N'Grenadiere speciale ambree', 72, 15, 7.5)
INSERT [Bieren] ([BierNr], [Naam], [BrouwerNr], [SoortNr], [Alcohol]) VALUES (629, N'Grimbergen blond', 111, 33, 6.5)
INSERT [Bieren] ([BierNr], [Naam], [BrouwerNr], [SoortNr], [Alcohol]) VALUES (630, N'Grimbergen dubbel', 111, 14, 6.5)
INSERT [Bieren] ([BierNr], [Naam], [BrouwerNr], [SoortNr], [Alcohol]) VALUES (631, N'Grimbergen optimo bruno', 111, 36, 10)
INSERT [Bieren] ([BierNr], [Naam], [BrouwerNr], [SoortNr], [Alcohol]) VALUES (632, N'Grimbergen tripel', 111, 59, 8.13)
INSERT [Bieren] ([BierNr], [Naam], [BrouwerNr], [SoortNr], [Alcohol]) VALUES (633, N'Grisette', 100, 18, 6)
INSERT [Bieren] ([BierNr], [Naam], [BrouwerNr], [SoortNr], [Alcohol]) VALUES (634, N'Grisette biere du cayoteu (=Super 64)', 98, 18, 5)
GO
print 'Processed 500 total records'
INSERT [Bieren] ([BierNr], [Naam], [BrouwerNr], [SoortNr], [Alcohol]) VALUES (635, N'Gueule noire  - Koempelbier (=Villers Saint-Ghislain brune (Speciale))', 98, 15, 8)
INSERT [Bieren] ([BierNr], [Naam], [BrouwerNr], [SoortNr], [Alcohol]) VALUES (636, N'Gueuze framboisee des Ardennes (=Timmermans framboise lambic)', 108, 31, 4)
INSERT [Bieren] ([BierNr], [Naam], [BrouwerNr], [SoortNr], [Alcohol]) VALUES (637, N'Guillotine', 56, 36, 9)
INSERT [Bieren] ([BierNr], [Naam], [BrouwerNr], [SoortNr], [Alcohol]) VALUES (638, N'Gulden Draak', 14, 36, 10.5)
INSERT [Bieren] ([BierNr], [Naam], [BrouwerNr], [SoortNr], [Alcohol]) VALUES (639, N'Guldenberg', 85, 15, 8.5)
INSERT [Bieren] ([BierNr], [Naam], [BrouwerNr], [SoortNr], [Alcohol]) VALUES (641, N'Haacht blonde', 51, 51, 1.5)
INSERT [Bieren] ([BierNr], [Naam], [BrouwerNr], [SoortNr], [Alcohol]) VALUES (642, N'Haacht export (=Haacht pils)', 51, 42, 4.7)
INSERT [Bieren] ([BierNr], [Naam], [BrouwerNr], [SoortNr], [Alcohol]) VALUES (643, N'Haacht pils', 51, 42, 4.7)
INSERT [Bieren] ([BierNr], [Naam], [BrouwerNr], [SoortNr], [Alcohol]) VALUES (644, N'Haecht witbier', 51, 53, 4.85)
INSERT [Bieren] ([BierNr], [Naam], [BrouwerNr], [SoortNr], [Alcohol]) VALUES (645, N'Halloween pumpkin ale (=Pumpkin ale)', 120, 18, 7)
INSERT [Bieren] ([BierNr], [Naam], [BrouwerNr], [SoortNr], [Alcohol]) VALUES (647, N'Hanssens gueuze', 53, 55, 5)
INSERT [Bieren] ([BierNr], [Naam], [BrouwerNr], [SoortNr], [Alcohol]) VALUES (648, N'Hanssens kriek', 53, 55, 5)
INSERT [Bieren] ([BierNr], [Naam], [BrouwerNr], [SoortNr], [Alcohol]) VALUES (649, N'Hapkin', 68, 15, 8.5)
INSERT [Bieren] ([BierNr], [Naam], [BrouwerNr], [SoortNr], [Alcohol]) VALUES (651, N'Harelbekenaar van de abdijhoeve - pater (=Kapittel pater (Het))', 113, 14, 6.5)
INSERT [Bieren] ([BierNr], [Naam], [BrouwerNr], [SoortNr], [Alcohol]) VALUES (652, N'Harelbekenaar van de abdijhoeve - wit (=Watou''s wit bier)', 113, 53, 5)
INSERT [Bieren] ([BierNr], [Naam], [BrouwerNr], [SoortNr], [Alcohol]) VALUES (655, N'Heerenbier', 18, 14, 8)
INSERT [Bieren] ([BierNr], [Naam], [BrouwerNr], [SoortNr], [Alcohol]) VALUES (656, N'Hei-kneuter', 125, 18, 5.4)
INSERT [Bieren] ([BierNr], [Naam], [BrouwerNr], [SoortNr], [Alcohol]) VALUES (658, N'Heliante', 44, 15, 8)
INSERT [Bieren] ([BierNr], [Naam], [BrouwerNr], [SoortNr], [Alcohol]) VALUES (659, N'Helios', 6, 42, 2.7)
INSERT [Bieren] ([BierNr], [Naam], [BrouwerNr], [SoortNr], [Alcohol]) VALUES (660, N'Hellekapelle', 12, 33, 5)
INSERT [Bieren] ([BierNr], [Naam], [BrouwerNr], [SoortNr], [Alcohol]) VALUES (661, N'Helleketelbier', 12, 33, 7)
INSERT [Bieren] ([BierNr], [Naam], [BrouwerNr], [SoortNr], [Alcohol]) VALUES (662, N'Helles export', 99, 42, 4)
INSERT [Bieren] ([BierNr], [Naam], [BrouwerNr], [SoortNr], [Alcohol]) VALUES (664, N'Hercule', 40, 21, 9)
INSERT [Bieren] ([BierNr], [Naam], [BrouwerNr], [SoortNr], [Alcohol]) VALUES (665, N'Hercule a Vapeur  (=Vapeur rousse )', 117, 15, 8)
INSERT [Bieren] ([BierNr], [Naam], [BrouwerNr], [SoortNr], [Alcohol]) VALUES (666, N'Heren van Bets (De) (=Silly (Saison))', 98, 18, 5)
INSERT [Bieren] ([BierNr], [Naam], [BrouwerNr], [SoortNr], [Alcohol]) VALUES (667, N'Hertog Jan pilsener', 6, 42, 5)
INSERT [Bieren] ([BierNr], [Naam], [BrouwerNr], [SoortNr], [Alcohol]) VALUES (668, N'Hesbaye  ambree', 76, 6, 7.5)
INSERT [Bieren] ([BierNr], [Naam], [BrouwerNr], [SoortNr], [Alcohol]) VALUES (669, N'Hesbaye  blanche', 76, 53, 3.8)
INSERT [Bieren] ([BierNr], [Naam], [BrouwerNr], [SoortNr], [Alcohol]) VALUES (670, N'Hesbaye  blonde', 76, 33, 6.5)
INSERT [Bieren] ([BierNr], [Naam], [BrouwerNr], [SoortNr], [Alcohol]) VALUES (671, N'Hesbaye  brune', 76, 36, 9)
INSERT [Bieren] ([BierNr], [Naam], [BrouwerNr], [SoortNr], [Alcohol]) VALUES (672, N'Hesbaye  cuvee speciale', 76, 18, 6.5)
INSERT [Bieren] ([BierNr], [Naam], [BrouwerNr], [SoortNr], [Alcohol]) VALUES (673, N'Hesbaye  noire', 76, 18, 7)
INSERT [Bieren] ([BierNr], [Naam], [BrouwerNr], [SoortNr], [Alcohol]) VALUES (675, N'Hesbaye  saison', 76, 45, 7)
INSERT [Bieren] ([BierNr], [Naam], [BrouwerNr], [SoortNr], [Alcohol]) VALUES (677, N'Heymissen dubbel (Abdijbier van)', 122, 14, 8)
INSERT [Bieren] ([BierNr], [Naam], [BrouwerNr], [SoortNr], [Alcohol]) VALUES (678, N'Heymissen tripel (Abdijbier van)', 122, 59, 9)
INSERT [Bieren] ([BierNr], [Naam], [BrouwerNr], [SoortNr], [Alcohol]) VALUES (682, N'Hoekse witte', 112, 53, 5)
INSERT [Bieren] ([BierNr], [Naam], [BrouwerNr], [SoortNr], [Alcohol]) VALUES (683, N'Hoeve bier', 107, 18, 6.5)
INSERT [Bieren] ([BierNr], [Naam], [BrouwerNr], [SoortNr], [Alcohol]) VALUES (684, N'Hoge Bi-er', 104, 18, 6)
INSERT [Bieren] ([BierNr], [Naam], [BrouwerNr], [SoortNr], [Alcohol]) VALUES (686, N'Honnelles (Blanche des)', 91, 53, 6)
INSERT [Bieren] ([BierNr], [Naam], [BrouwerNr], [SoortNr], [Alcohol]) VALUES (687, N'Hoofse gaffel (=Lamoral Degmont)', 112, 15, 8)
INSERT [Bieren] ([BierNr], [Naam], [BrouwerNr], [SoortNr], [Alcohol]) VALUES (688, N'Hoppe ambachtelijke pils (=Sparta pils)', 14, 42, 5)
INSERT [Bieren] ([BierNr], [Naam], [BrouwerNr], [SoortNr], [Alcohol]) VALUES (689, N'Horse ale', 6, 6, 4.8)
INSERT [Bieren] ([BierNr], [Naam], [BrouwerNr], [SoortNr], [Alcohol]) VALUES (690, N'Hotteuse 5', 93, 62, 5)
INSERT [Bieren] ([BierNr], [Naam], [BrouwerNr], [SoortNr], [Alcohol]) VALUES (691, N'Hotteuse grand cru', 93, 15, 8)
INSERT [Bieren] ([BierNr], [Naam], [BrouwerNr], [SoortNr], [Alcohol]) VALUES (693, N'Houlette  (=Regal (Saison))', 17, 18, 6)
INSERT [Bieren] ([BierNr], [Naam], [BrouwerNr], [SoortNr], [Alcohol]) VALUES (694, N'Hure  (=Saxo)', 23, 18, 7)
INSERT [Bieren] ([BierNr], [Naam], [BrouwerNr], [SoortNr], [Alcohol]) VALUES (695, N'Huyghe blond', 56, 51, 2)
INSERT [Bieren] ([BierNr], [Naam], [BrouwerNr], [SoortNr], [Alcohol]) VALUES (696, N'Huyghe bruin', 56, 51, 2)
INSERT [Bieren] ([BierNr], [Naam], [BrouwerNr], [SoortNr], [Alcohol]) VALUES (697, N'Huyghe export', 56, 42, 4)
INSERT [Bieren] ([BierNr], [Naam], [BrouwerNr], [SoortNr], [Alcohol]) VALUES (698, N'Huyghe faro', 56, 51, 2)
INSERT [Bieren] ([BierNr], [Naam], [BrouwerNr], [SoortNr], [Alcohol]) VALUES (699, N'Ichtegem''s oud bruin', 107, 62, 4.9)
INSERT [Bieren] ([BierNr], [Naam], [BrouwerNr], [SoortNr], [Alcohol]) VALUES (700, N'Iguanodon (=Fakir)', 13, 18, 6.8)
INSERT [Bieren] ([BierNr], [Naam], [BrouwerNr], [SoortNr], [Alcohol]) VALUES (701, N'Incartade  (=Mengsel La Folie/Saison de Pipaix)', 117, 15, 7.5)
INSERT [Bieren] ([BierNr], [Naam], [BrouwerNr], [SoortNr], [Alcohol]) VALUES (702, N'Interpils (=Wieze pils)', 125, 42, NULL)
INSERT [Bieren] ([BierNr], [Naam], [BrouwerNr], [SoortNr], [Alcohol]) VALUES (705, N'Jack-Op', 11, 60, 5)
INSERT [Bieren] ([BierNr], [Naam], [BrouwerNr], [SoortNr], [Alcohol]) VALUES (709, N'Jamelovienne  (=Mengsel La Folie/Saison de Pipaix)', 117, 15, 7.5)
INSERT [Bieren] ([BierNr], [Naam], [BrouwerNr], [SoortNr], [Alcohol]) VALUES (710, N'Jan Buuc (=Katje special)', 65, 18, 5)
INSERT [Bieren] ([BierNr], [Naam], [BrouwerNr], [SoortNr], [Alcohol]) VALUES (711, N'Jan van Gent', 66, 18, 5.5)
INSERT [Bieren] ([BierNr], [Naam], [BrouwerNr], [SoortNr], [Alcohol]) VALUES (716, N'Jobarde (=Vapeur en folie )', 117, 15, 8)
INSERT [Bieren] ([BierNr], [Naam], [BrouwerNr], [SoortNr], [Alcohol]) VALUES (717, N'John Martin''s special', 57, 6, 6.1)
INSERT [Bieren] ([BierNr], [Naam], [BrouwerNr], [SoortNr], [Alcohol]) VALUES (720, N'Joyeuse blonde  (=Moinette blonde)', 37, 15, 8.5)
INSERT [Bieren] ([BierNr], [Naam], [BrouwerNr], [SoortNr], [Alcohol]) VALUES (721, N'Joyeuse brune  (=Moinette brune)', 37, 36, 8.5)
INSERT [Bieren] ([BierNr], [Naam], [BrouwerNr], [SoortNr], [Alcohol]) VALUES (723, N'Judas', 111, 15, 8.5)
INSERT [Bieren] ([BierNr], [Naam], [BrouwerNr], [SoortNr], [Alcohol]) VALUES (724, N'Julius', 6, 15, 8.7)
INSERT [Bieren] ([BierNr], [Naam], [BrouwerNr], [SoortNr], [Alcohol]) VALUES (725, N'Jumeaux ambree (Biere des)', 44, 6, 6.5)
INSERT [Bieren] ([BierNr], [Naam], [BrouwerNr], [SoortNr], [Alcohol]) VALUES (726, N'Jumeaux blonde (Biere des)', 44, 33, 6.5)
INSERT [Bieren] ([BierNr], [Naam], [BrouwerNr], [SoortNr], [Alcohol]) VALUES (727, N'Jumelage (La biere du)', 91, 21, 9)
INSERT [Bieren] ([BierNr], [Naam], [BrouwerNr], [SoortNr], [Alcohol]) VALUES (729, N'Jupiler', 58, 42, 5.26)
INSERT [Bieren] ([BierNr], [Naam], [BrouwerNr], [SoortNr], [Alcohol]) VALUES (730, N'Jupiler NA', 6, 3, 0.1)
INSERT [Bieren] ([BierNr], [Naam], [BrouwerNr], [SoortNr], [Alcohol]) VALUES (731, N'K.I.H.O. X-mas blond', 59, 33, NULL)
INSERT [Bieren] ([BierNr], [Naam], [BrouwerNr], [SoortNr], [Alcohol]) VALUES (732, N'K.I.H.O. X-mas bruin', 59, 14, NULL)
INSERT [Bieren] ([BierNr], [Naam], [BrouwerNr], [SoortNr], [Alcohol]) VALUES (737, N'Kamilleken (=Lamoral Degmont)', 112, 15, 8)
INSERT [Bieren] ([BierNr], [Naam], [BrouwerNr], [SoortNr], [Alcohol]) VALUES (739, N'Kapel van Schoor (=St. Sebastiaan grand cru)', 105, 15, 7.6)
INSERT [Bieren] ([BierNr], [Naam], [BrouwerNr], [SoortNr], [Alcohol]) VALUES (740, N'Kapittel abt (Het)', 113, 36, 10)
INSERT [Bieren] ([BierNr], [Naam], [BrouwerNr], [SoortNr], [Alcohol]) VALUES (741, N'Kapittel dubbel (Het)', 113, 14, 7)
INSERT [Bieren] ([BierNr], [Naam], [BrouwerNr], [SoortNr], [Alcohol]) VALUES (742, N'Kapittel pater (Het)', 113, 14, 6.5)
INSERT [Bieren] ([BierNr], [Naam], [BrouwerNr], [SoortNr], [Alcohol]) VALUES (743, N'Kapittel prior (Het)', 113, 36, 9)
INSERT [Bieren] ([BierNr], [Naam], [BrouwerNr], [SoortNr], [Alcohol]) VALUES (744, N'Karibik pils', 56, 42, 5)
INSERT [Bieren] ([BierNr], [Naam], [BrouwerNr], [SoortNr], [Alcohol]) VALUES (745, N'Karlsquell pils (=Kwik pils)', 70, 42, 4.8)
INSERT [Bieren] ([BierNr], [Naam], [BrouwerNr], [SoortNr], [Alcohol]) VALUES (746, N'Karmeliet tripel', 20, 59, 8)
INSERT [Bieren] ([BierNr], [Naam], [BrouwerNr], [SoortNr], [Alcohol]) VALUES (748, N'Kasteel van Ramegnies-Chin (Bier v/h)', 43, 36, 12)
INSERT [Bieren] ([BierNr], [Naam], [BrouwerNr], [SoortNr], [Alcohol]) VALUES (749, N'Kasteelbier gouden triple', 114, 59, 10)
INSERT [Bieren] ([BierNr], [Naam], [BrouwerNr], [SoortNr], [Alcohol]) VALUES (750, N'Kasteelbier Ingelmunster', 114, 36, 11)
INSERT [Bieren] ([BierNr], [Naam], [BrouwerNr], [SoortNr], [Alcohol]) VALUES (751, N'Kasteelbier Ooidonk (=Kasteelbier Ingelmunster)', 114, 36, 11)
INSERT [Bieren] ([BierNr], [Naam], [BrouwerNr], [SoortNr], [Alcohol]) VALUES (752, N'Katje special', 65, 6, 5)
INSERT [Bieren] ([BierNr], [Naam], [BrouwerNr], [SoortNr], [Alcohol]) VALUES (753, N'Keerse tripel (=St. Sebastiaan grand cru)', 105, 59, 7.6)
INSERT [Bieren] ([BierNr], [Naam], [BrouwerNr], [SoortNr], [Alcohol]) VALUES (754, N'Keizersberg abdijbier (=Bornem tripel)', 14, 21, 9)
INSERT [Bieren] ([BierNr], [Naam], [BrouwerNr], [SoortNr], [Alcohol]) VALUES (755, N'Kelmeser (Der blonde) (=Fakir)', 13, 33, 6.8)
INSERT [Bieren] ([BierNr], [Naam], [BrouwerNr], [SoortNr], [Alcohol]) VALUES (756, N'Kelottes 75cl', 17, 15, 8)
INSERT [Bieren] ([BierNr], [Naam], [BrouwerNr], [SoortNr], [Alcohol]) VALUES (757, N'Kempenaar (Ne)', 113, 21, 9)
INSERT [Bieren] ([BierNr], [Naam], [BrouwerNr], [SoortNr], [Alcohol]) VALUES (758, N'Kerelsbier donker (=Katje special)', 65, 14, 5)
INSERT [Bieren] ([BierNr], [Naam], [BrouwerNr], [SoortNr], [Alcohol]) VALUES (759, N'Kerelsbier licht (=Sasbrau)', 65, 33, 6)
INSERT [Bieren] ([BierNr], [Naam], [BrouwerNr], [SoortNr], [Alcohol]) VALUES (761, N'Kerstbie(r)', 12, 14, 8)
INSERT [Bieren] ([BierNr], [Naam], [BrouwerNr], [SoortNr], [Alcohol]) VALUES (762, N'Kerstbol', 39, 14, 7.5)
INSERT [Bieren] ([BierNr], [Naam], [BrouwerNr], [SoortNr], [Alcohol]) VALUES (763, N'Kerstklok', 18, 14, 8)
INSERT [Bieren] ([BierNr], [Naam], [BrouwerNr], [SoortNr], [Alcohol]) VALUES (764, N'Kerstpater', 112, 14, 6.5)
INSERT [Bieren] ([BierNr], [Naam], [BrouwerNr], [SoortNr], [Alcohol]) VALUES (765, N'Keyport beer (=Safir)', 6, 42, 5)
INSERT [Bieren] ([BierNr], [Naam], [BrouwerNr], [SoortNr], [Alcohol]) VALUES (766, N'Keyser (=Pax pils)', 103, 42, 5)
INSERT [Bieren] ([BierNr], [Naam], [BrouwerNr], [SoortNr], [Alcohol]) VALUES (767, N'Kilo (de)', 49, 56, 5)
INSERT [Bieren] ([BierNr], [Naam], [BrouwerNr], [SoortNr], [Alcohol]) VALUES (768, N'King''s pils (=Facon pils)', 43, 42, 4.7)
INSERT [Bieren] ([BierNr], [Naam], [BrouwerNr], [SoortNr], [Alcohol]) VALUES (769, N'Kirally (=Pipaix (Saison de))', 117, 18, 6.5)
GO
print 'Processed 600 total records'
INSERT [Bieren] ([BierNr], [Naam], [BrouwerNr], [SoortNr], [Alcohol]) VALUES (771, N'Klinkaert', 14, 33, 5)
INSERT [Bieren] ([BierNr], [Naam], [BrouwerNr], [SoortNr], [Alcohol]) VALUES (772, N'Klooster Zusters Annonciaden (=St. Sebastiaan grand cru)', 105, 15, 7.6)
INSERT [Bieren] ([BierNr], [Naam], [BrouwerNr], [SoortNr], [Alcohol]) VALUES (773, N'Kluyserbier (=Poorter)', 105, 18, 6.5)
INSERT [Bieren] ([BierNr], [Naam], [BrouwerNr], [SoortNr], [Alcohol]) VALUES (774, N'Kortessems blondje', 76, 53, 7)
INSERT [Bieren] ([BierNr], [Naam], [BrouwerNr], [SoortNr], [Alcohol]) VALUES (778, N'Kronenbourg', 2, 42, 4.8)
INSERT [Bieren] ([BierNr], [Naam], [BrouwerNr], [SoortNr], [Alcohol]) VALUES (779, N'Kruger export', 6, 42, 4.8)
INSERT [Bieren] ([BierNr], [Naam], [BrouwerNr], [SoortNr], [Alcohol]) VALUES (780, N'Kurstenbrau (=Vega pils)', 58, 42, 5)
INSERT [Bieren] ([BierNr], [Naam], [BrouwerNr], [SoortNr], [Alcohol]) VALUES (781, N'Kuurnse bruine', 8, 14, 7)
INSERT [Bieren] ([BierNr], [Naam], [BrouwerNr], [SoortNr], [Alcohol]) VALUES (782, N'Kuurnse witte', 8, 53, 7)
INSERT [Bieren] ([BierNr], [Naam], [BrouwerNr], [SoortNr], [Alcohol]) VALUES (786, N'Lamoral Degmont', 112, 15, 8)
INSERT [Bieren] ([BierNr], [Naam], [BrouwerNr], [SoortNr], [Alcohol]) VALUES (787, N'Lamoral tripel', 112, 59, 8)
INSERT [Bieren] ([BierNr], [Naam], [BrouwerNr], [SoortNr], [Alcohol]) VALUES (788, N'Lamot pilsor', 6, 42, 5.2)
INSERT [Bieren] ([BierNr], [Naam], [BrouwerNr], [SoortNr], [Alcohol]) VALUES (789, N'Laplaignoise  (=Moinette blonde)', 37, 15, 8.5)
INSERT [Bieren] ([BierNr], [Naam], [BrouwerNr], [SoortNr], [Alcohol]) VALUES (792, N'Lazarus bier', 104, 14, 7)
INSERT [Bieren] ([BierNr], [Naam], [BrouwerNr], [SoortNr], [Alcohol]) VALUES (793, N'Lefebvre blonde', 64, 51, 1.5)
INSERT [Bieren] ([BierNr], [Naam], [BrouwerNr], [SoortNr], [Alcohol]) VALUES (794, N'Lefebvre brune', 64, 51, 1.7)
INSERT [Bieren] ([BierNr], [Naam], [BrouwerNr], [SoortNr], [Alcohol]) VALUES (795, N'Lefebvre triple blonde', 64, 51, 3)
INSERT [Bieren] ([BierNr], [Naam], [BrouwerNr], [SoortNr], [Alcohol]) VALUES (796, N'Leffe birra rossa', 102, 18, 6.2)
INSERT [Bieren] ([BierNr], [Naam], [BrouwerNr], [SoortNr], [Alcohol]) VALUES (797, N'Leffe blonde', 102, 33, 6.5)
INSERT [Bieren] ([BierNr], [Naam], [BrouwerNr], [SoortNr], [Alcohol]) VALUES (798, N'Leffe brune', 102, 14, 6.3)
INSERT [Bieren] ([BierNr], [Naam], [BrouwerNr], [SoortNr], [Alcohol]) VALUES (799, N'Leffe radieuse', 102, 36, 8.2)
INSERT [Bieren] ([BierNr], [Naam], [BrouwerNr], [SoortNr], [Alcohol]) VALUES (801, N'Leffe vieille cuvee 8', 102, 36, 8.2)
INSERT [Bieren] ([BierNr], [Naam], [BrouwerNr], [SoortNr], [Alcohol]) VALUES (802, N'Lembeek''s', 19, 8, 2)
INSERT [Bieren] ([BierNr], [Naam], [BrouwerNr], [SoortNr], [Alcohol]) VALUES (803, N'Lentebier', 17, 18, 5.5)
INSERT [Bieren] ([BierNr], [Naam], [BrouwerNr], [SoortNr], [Alcohol]) VALUES (804, N'Leroy blond', 65, 51, 1.8)
INSERT [Bieren] ([BierNr], [Naam], [BrouwerNr], [SoortNr], [Alcohol]) VALUES (805, N'Leroy bruin', 65, 51, 1.8)
INSERT [Bieren] ([BierNr], [Naam], [BrouwerNr], [SoortNr], [Alcohol]) VALUES (806, N'Leroy christmas', 65, 46, 6.8)
INSERT [Bieren] ([BierNr], [Naam], [BrouwerNr], [SoortNr], [Alcohol]) VALUES (807, N'Leroy stout', 65, 49, 4)
INSERT [Bieren] ([BierNr], [Naam], [BrouwerNr], [SoortNr], [Alcohol]) VALUES (808, N'Leuvendige witte (Nen)', 33, 53, 4.5)
INSERT [Bieren] ([BierNr], [Naam], [BrouwerNr], [SoortNr], [Alcohol]) VALUES (811, N'Lichtervelds blond', 32, 15, 8)
INSERT [Bieren] ([BierNr], [Naam], [BrouwerNr], [SoortNr], [Alcohol]) VALUES (812, N'Liefmans frambozenbier', 66, 61, 5.4)
INSERT [Bieren] ([BierNr], [Naam], [BrouwerNr], [SoortNr], [Alcohol]) VALUES (813, N'Liefmans gluhkriek', 66, 61, 6.5)
INSERT [Bieren] ([BierNr], [Naam], [BrouwerNr], [SoortNr], [Alcohol]) VALUES (814, N'Liefmans goudenband', 66, 14, 8)
INSERT [Bieren] ([BierNr], [Naam], [BrouwerNr], [SoortNr], [Alcohol]) VALUES (815, N'Liefmans kriek', 66, 61, 6.5)
INSERT [Bieren] ([BierNr], [Naam], [BrouwerNr], [SoortNr], [Alcohol]) VALUES (816, N'Liefmans odnar', 66, 61, 4.5)
INSERT [Bieren] ([BierNr], [Naam], [BrouwerNr], [SoortNr], [Alcohol]) VALUES (817, N'Liefmans oud bruin', 66, 61, 5)
INSERT [Bieren] ([BierNr], [Naam], [BrouwerNr], [SoortNr], [Alcohol]) VALUES (818, N'Limburgse witte', 103, 53, 5)
INSERT [Bieren] ([BierNr], [Naam], [BrouwerNr], [SoortNr], [Alcohol]) VALUES (819, N'Lindemans cassis', 67, 31, 4)
INSERT [Bieren] ([BierNr], [Naam], [BrouwerNr], [SoortNr], [Alcohol]) VALUES (820, N'Lindemans faro lambic', 67, 54, 4.75)
INSERT [Bieren] ([BierNr], [Naam], [BrouwerNr], [SoortNr], [Alcohol]) VALUES (821, N'Lindemans framboise', 67, 31, 3.5)
INSERT [Bieren] ([BierNr], [Naam], [BrouwerNr], [SoortNr], [Alcohol]) VALUES (822, N'Lindemans gueuze gefilterd', 67, 22, 5)
INSERT [Bieren] ([BierNr], [Naam], [BrouwerNr], [SoortNr], [Alcohol]) VALUES (823, N'Lindemans gueuze ongefilterd', 67, 55, 5)
INSERT [Bieren] ([BierNr], [Naam], [BrouwerNr], [SoortNr], [Alcohol]) VALUES (824, N'Lindemans kriek', 67, 31, 4)
INSERT [Bieren] ([BierNr], [Naam], [BrouwerNr], [SoortNr], [Alcohol]) VALUES (825, N'Lindemans kriekenlambik', 67, 56, 4)
INSERT [Bieren] ([BierNr], [Naam], [BrouwerNr], [SoortNr], [Alcohol]) VALUES (826, N'Lindemans lambik', 67, 56, 4)
INSERT [Bieren] ([BierNr], [Naam], [BrouwerNr], [SoortNr], [Alcohol]) VALUES (827, N'Lion (Biere du)', 119, 15, 8)
INSERT [Bieren] ([BierNr], [Naam], [BrouwerNr], [SoortNr], [Alcohol]) VALUES (829, N'Livinus blonde (=Kapittel abt (Het))', 113, 21, 10)
INSERT [Bieren] ([BierNr], [Naam], [BrouwerNr], [SoortNr], [Alcohol]) VALUES (830, N'Livinus brune (=Kapittel prior (Het))', 113, 36, 9)
INSERT [Bieren] ([BierNr], [Naam], [BrouwerNr], [SoortNr], [Alcohol]) VALUES (831, N'Loburg', 6, 42, 5.7)
INSERT [Bieren] ([BierNr], [Naam], [BrouwerNr], [SoortNr], [Alcohol]) VALUES (833, N'Lokernaere (E) (=Yperman)', 65, 18, 6)
INSERT [Bieren] ([BierNr], [Naam], [BrouwerNr], [SoortNr], [Alcohol]) VALUES (835, N'Loteling blond', 120, 15, 8)
INSERT [Bieren] ([BierNr], [Naam], [BrouwerNr], [SoortNr], [Alcohol]) VALUES (836, N'Loteling bruin', 120, 14, 7)
INSERT [Bieren] ([BierNr], [Naam], [BrouwerNr], [SoortNr], [Alcohol]) VALUES (837, N'Loterbol', 39, 33, 5.2)
INSERT [Bieren] ([BierNr], [Naam], [BrouwerNr], [SoortNr], [Alcohol]) VALUES (839, N'Louvoise  (=St. Benoit blonde)', 17, 18, 6.5)
INSERT [Bieren] ([BierNr], [Naam], [BrouwerNr], [SoortNr], [Alcohol]) VALUES (840, N'Louwaege dubbel blond', 68, 51, 1.4)
INSERT [Bieren] ([BierNr], [Naam], [BrouwerNr], [SoortNr], [Alcohol]) VALUES (841, N'Louwaege export', 68, 42, 4.6)
INSERT [Bieren] ([BierNr], [Naam], [BrouwerNr], [SoortNr], [Alcohol]) VALUES (842, N'Louwaege faro', 68, 51, 1.4)
INSERT [Bieren] ([BierNr], [Naam], [BrouwerNr], [SoortNr], [Alcohol]) VALUES (843, N'Louwaege stout', 68, 49, 4.8)
INSERT [Bieren] ([BierNr], [Naam], [BrouwerNr], [SoortNr], [Alcohol]) VALUES (844, N'Louwaege''s pils', 68, 42, 4.5)
INSERT [Bieren] ([BierNr], [Naam], [BrouwerNr], [SoortNr], [Alcohol]) VALUES (845, N'Louwke Poep', 14, 6, 5)
INSERT [Bieren] ([BierNr], [Naam], [BrouwerNr], [SoortNr], [Alcohol]) VALUES (846, N'Lowiden', 113, 18, 5)
INSERT [Bieren] ([BierNr], [Naam], [BrouwerNr], [SoortNr], [Alcohol]) VALUES (847, N'Lowie Kators', 14, 21, 9)
INSERT [Bieren] ([BierNr], [Naam], [BrouwerNr], [SoortNr], [Alcohol]) VALUES (848, N'Lowie V (=Cnudde Oudenaards bruin)', 27, 62, 4.7)
INSERT [Bieren] ([BierNr], [Naam], [BrouwerNr], [SoortNr], [Alcohol]) VALUES (849, N'Lucifer', 87, 15, 8)
INSERT [Bieren] ([BierNr], [Naam], [BrouwerNr], [SoortNr], [Alcohol]) VALUES (854, N'Maerlant (=Bornem tripel)', 14, 59, 9)
INSERT [Bieren] ([BierNr], [Naam], [BrouwerNr], [SoortNr], [Alcohol]) VALUES (855, N'Maes cool beer', 69, 26, 5.7)
INSERT [Bieren] ([BierNr], [Naam], [BrouwerNr], [SoortNr], [Alcohol]) VALUES (856, N'Maes export', 69, 42, 4.5)
INSERT [Bieren] ([BierNr], [Naam], [BrouwerNr], [SoortNr], [Alcohol]) VALUES (857, N'Maes pils', 69, 42, 5.1)
INSERT [Bieren] ([BierNr], [Naam], [BrouwerNr], [SoortNr], [Alcohol]) VALUES (858, N'Magonette', 109, 15, 8.2)
INSERT [Bieren] ([BierNr], [Naam], [BrouwerNr], [SoortNr], [Alcohol]) VALUES (859, N'Malmedy blonde (Biere speciale de) (=Floreffe blonde)', 64, 33, 7)
INSERT [Bieren] ([BierNr], [Naam], [BrouwerNr], [SoortNr], [Alcohol]) VALUES (860, N'Malmedy brune (Biere speciale de) (=Floreffe double)', 64, 14, 7)
INSERT [Bieren] ([BierNr], [Naam], [BrouwerNr], [SoortNr], [Alcohol]) VALUES (861, N'Malognarde blonde', 13, 15, 7.5)
INSERT [Bieren] ([BierNr], [Naam], [BrouwerNr], [SoortNr], [Alcohol]) VALUES (862, N'Malognarde brune  (=Reserve Marie de Hongrie)', 13, 36, 8.7)
INSERT [Bieren] ([BierNr], [Naam], [BrouwerNr], [SoortNr], [Alcohol]) VALUES (863, N'Malonne (Abbaye de - Abdij van) bruin bier', 51, 18, 6)
INSERT [Bieren] ([BierNr], [Naam], [BrouwerNr], [SoortNr], [Alcohol]) VALUES (864, N'Maltosa', 51, 51, 1.4)
INSERT [Bieren] ([BierNr], [Naam], [BrouwerNr], [SoortNr], [Alcohol]) VALUES (865, N'Manneken Pis (=Oud Zottegems bier)', 29, 18, 6.5)
INSERT [Bieren] ([BierNr], [Naam], [BrouwerNr], [SoortNr], [Alcohol]) VALUES (866, N'Manou des Sources (=Floreffe blonde)', 64, 18, 7)
INSERT [Bieren] ([BierNr], [Naam], [BrouwerNr], [SoortNr], [Alcohol]) VALUES (869, N'Marchande tripel', 21, 59, NULL)
INSERT [Bieren] ([BierNr], [Naam], [BrouwerNr], [SoortNr], [Alcohol]) VALUES (870, N'Marckloff', 45, 18, 6.5)
INSERT [Bieren] ([BierNr], [Naam], [BrouwerNr], [SoortNr], [Alcohol]) VALUES (871, N'Marckloff Valentin', 45, 18, 6.5)
INSERT [Bieren] ([BierNr], [Naam], [BrouwerNr], [SoortNr], [Alcohol]) VALUES (872, N'Maredsous 10', 74, 36, 9.5)
INSERT [Bieren] ([BierNr], [Naam], [BrouwerNr], [SoortNr], [Alcohol]) VALUES (873, N'Maredsous 6 blond', 74, 33, 6.8)
INSERT [Bieren] ([BierNr], [Naam], [BrouwerNr], [SoortNr], [Alcohol]) VALUES (874, N'Maredsous 6 donker', 74, 14, 6.4)
INSERT [Bieren] ([BierNr], [Naam], [BrouwerNr], [SoortNr], [Alcohol]) VALUES (875, N'Maredsous 8', 74, 14, 8)
INSERT [Bieren] ([BierNr], [Naam], [BrouwerNr], [SoortNr], [Alcohol]) VALUES (876, N'Marlagne blanche', 72, 53, 5.5)
INSERT [Bieren] ([BierNr], [Naam], [BrouwerNr], [SoortNr], [Alcohol]) VALUES (877, N'Marlagne blonde', 72, 33, 5.5)
INSERT [Bieren] ([BierNr], [Naam], [BrouwerNr], [SoortNr], [Alcohol]) VALUES (878, N'Marquise', 56, 18, 5.7)
INSERT [Bieren] ([BierNr], [Naam], [BrouwerNr], [SoortNr], [Alcohol]) VALUES (879, N'Mars (Biere de)', 6, 35, 5)
INSERT [Bieren] ([BierNr], [Naam], [BrouwerNr], [SoortNr], [Alcohol]) VALUES (882, N'Martens pils', 70, 42, 5)
INSERT [Bieren] ([BierNr], [Naam], [BrouwerNr], [SoortNr], [Alcohol]) VALUES (883, N'Martens tafelstout', 70, 51, 0.5)
INSERT [Bieren] ([BierNr], [Naam], [BrouwerNr], [SoortNr], [Alcohol]) VALUES (885, N'Match blond tafelbier', 56, 51, 1.5)
INSERT [Bieren] ([BierNr], [Naam], [BrouwerNr], [SoortNr], [Alcohol]) VALUES (886, N'Match bruin tafelbier', 56, 51, 1)
INSERT [Bieren] ([BierNr], [Naam], [BrouwerNr], [SoortNr], [Alcohol]) VALUES (887, N'Match tripel tafelbier', 56, 51, 3.4)
INSERT [Bieren] ([BierNr], [Naam], [BrouwerNr], [SoortNr], [Alcohol]) VALUES (888, N'Mateen Belgian ale triple', 56, 59, 9)
INSERT [Bieren] ([BierNr], [Naam], [BrouwerNr], [SoortNr], [Alcohol]) VALUES (889, N'Mater wit bier', 93, 53, 5)
INSERT [Bieren] ([BierNr], [Naam], [BrouwerNr], [SoortNr], [Alcohol]) VALUES (891, N'Mc Chouffe', 1, 36, 8.5)
INSERT [Bieren] ([BierNr], [Naam], [BrouwerNr], [SoortNr], [Alcohol]) VALUES (892, N'Mc Ewans christmas', 57, 46, 7.2)
INSERT [Bieren] ([BierNr], [Naam], [BrouwerNr], [SoortNr], [Alcohol]) VALUES (893, N'Mc Ewans scotch ale', 57, 46, 7.2)
INSERT [Bieren] ([BierNr], [Naam], [BrouwerNr], [SoortNr], [Alcohol]) VALUES (894, N'Mc Gregor', 56, 18, 6.5)
INSERT [Bieren] ([BierNr], [Naam], [BrouwerNr], [SoortNr], [Alcohol]) VALUES (895, N'Mechelschen bruynen', 4, 14, 6.3)
INSERT [Bieren] ([BierNr], [Naam], [BrouwerNr], [SoortNr], [Alcohol]) VALUES (897, N'Meneer', 96, 11, 7.5)
GO
print 'Processed 700 total records'
INSERT [Bieren] ([BierNr], [Naam], [BrouwerNr], [SoortNr], [Alcohol]) VALUES (898, N'Mengbier', 10, 60, 5)
INSERT [Bieren] ([BierNr], [Naam], [BrouwerNr], [SoortNr], [Alcohol]) VALUES (899, N'Mengsel La Folie/Saison de Pipaix', 117, 15, 7.5)
INSERT [Bieren] ([BierNr], [Naam], [BrouwerNr], [SoortNr], [Alcohol]) VALUES (900, N'Menhir (Blonde du)', 64, 33, 6.5)
INSERT [Bieren] ([BierNr], [Naam], [BrouwerNr], [SoortNr], [Alcohol]) VALUES (901, N'Mercator', 120, 14, 5)
INSERT [Bieren] ([BierNr], [Naam], [BrouwerNr], [SoortNr], [Alcohol]) VALUES (903, N'Minty', 56, 33, 4.3)
INSERT [Bieren] ([BierNr], [Naam], [BrouwerNr], [SoortNr], [Alcohol]) VALUES (904, N'Miroir christmas', 73, 14, 8)
INSERT [Bieren] ([BierNr], [Naam], [BrouwerNr], [SoortNr], [Alcohol]) VALUES (905, N'Miroir paasbier', 73, 18, 6.5)
INSERT [Bieren] ([BierNr], [Naam], [BrouwerNr], [SoortNr], [Alcohol]) VALUES (906, N'Miroir speciale', 73, 53, 4.5)
INSERT [Bieren] ([BierNr], [Naam], [BrouwerNr], [SoortNr], [Alcohol]) VALUES (907, N'Miroir speciale dark', 73, 14, 5.5)
INSERT [Bieren] ([BierNr], [Naam], [BrouwerNr], [SoortNr], [Alcohol]) VALUES (908, N'Moeder Overste (=Bonne Esperance (Abbaye de))', 64, 15, 8)
INSERT [Bieren] ([BierNr], [Naam], [BrouwerNr], [SoortNr], [Alcohol]) VALUES (909, N'Moine (triple)', 17, 59, 8)
INSERT [Bieren] ([BierNr], [Naam], [BrouwerNr], [SoortNr], [Alcohol]) VALUES (910, N'Moinette biolegere/zacht', 37, 8, 3.5)
INSERT [Bieren] ([BierNr], [Naam], [BrouwerNr], [SoortNr], [Alcohol]) VALUES (911, N'Moinette biologique', 37, 15, 7.5)
INSERT [Bieren] ([BierNr], [Naam], [BrouwerNr], [SoortNr], [Alcohol]) VALUES (912, N'Moinette blonde', 37, 15, 8.5)
INSERT [Bieren] ([BierNr], [Naam], [BrouwerNr], [SoortNr], [Alcohol]) VALUES (913, N'Moinette brune', 37, 36, 8.5)
INSERT [Bieren] ([BierNr], [Naam], [BrouwerNr], [SoortNr], [Alcohol]) VALUES (914, N'Moinette des iguanodons de Bernissart (=Moinette blonde)', 37, 15, 8.5)
INSERT [Bieren] ([BierNr], [Naam], [BrouwerNr], [SoortNr], [Alcohol]) VALUES (915, N'Moinette des Sorcieres de Warquignies  (=Moinette blonde)', 37, 15, 8.5)
INSERT [Bieren] ([BierNr], [Naam], [BrouwerNr], [SoortNr], [Alcohol]) VALUES (916, N'Molenbier', 95, 18, 5.3)
INSERT [Bieren] ([BierNr], [Naam], [BrouwerNr], [SoortNr], [Alcohol]) VALUES (917, N'Molenbier (=Bokkereyer)', 103, 18, 5.8)
INSERT [Bieren] ([BierNr], [Naam], [BrouwerNr], [SoortNr], [Alcohol]) VALUES (918, N'Molenbier (Tessenderlo) (=St. Sebastiaan grand cru)', 105, 15, 7.6)
INSERT [Bieren] ([BierNr], [Naam], [BrouwerNr], [SoortNr], [Alcohol]) VALUES (922, N'Moneuse', 15, 14, 8)
INSERT [Bieren] ([BierNr], [Naam], [BrouwerNr], [SoortNr], [Alcohol]) VALUES (923, N'Moneuse speciale noel', 15, 14, 8)
INSERT [Bieren] ([BierNr], [Naam], [BrouwerNr], [SoortNr], [Alcohol]) VALUES (925, N'Mont Saint-Aubert', 21, 14, 8)
INSERT [Bieren] ([BierNr], [Naam], [BrouwerNr], [SoortNr], [Alcohol]) VALUES (926, N'Montagnarde', 91, 36, 9)
INSERT [Bieren] ([BierNr], [Naam], [BrouwerNr], [SoortNr], [Alcohol]) VALUES (927, N'Mort Subite cassis', 60, 31, 4)
INSERT [Bieren] ([BierNr], [Naam], [BrouwerNr], [SoortNr], [Alcohol]) VALUES (928, N'Mort Subite framboise', 60, 22, 4)
INSERT [Bieren] ([BierNr], [Naam], [BrouwerNr], [SoortNr], [Alcohol]) VALUES (929, N'Mort Subite gueuze fond', 60, 55, 6)
INSERT [Bieren] ([BierNr], [Naam], [BrouwerNr], [SoortNr], [Alcohol]) VALUES (930, N'Mort Subite gueuze gefilterd', 60, 22, 4)
INSERT [Bieren] ([BierNr], [Naam], [BrouwerNr], [SoortNr], [Alcohol]) VALUES (931, N'Mort Subite kriek', 60, 22, 4)
INSERT [Bieren] ([BierNr], [Naam], [BrouwerNr], [SoortNr], [Alcohol]) VALUES (932, N'Mort Subite peche', 60, 31, 4)
INSERT [Bieren] ([BierNr], [Naam], [BrouwerNr], [SoortNr], [Alcohol]) VALUES (934, N'Munck pils (=Haacht pils)', 51, 42, 4.7)
INSERT [Bieren] ([BierNr], [Naam], [BrouwerNr], [SoortNr], [Alcohol]) VALUES (940, N'N''Ice Chouffe', 1, 36, 10)
INSERT [Bieren] ([BierNr], [Naam], [BrouwerNr], [SoortNr], [Alcohol]) VALUES (941, N'Namur (Blanche de)', 17, 53, 4.5)
INSERT [Bieren] ([BierNr], [Naam], [BrouwerNr], [SoortNr], [Alcohol]) VALUES (942, N'Napoleon', 100, 14, 8)
INSERT [Bieren] ([BierNr], [Naam], [BrouwerNr], [SoortNr], [Alcohol]) VALUES (943, N'Nationale  (=Mengsel La Folie/Saison de Pipaix)', 117, 15, 7.5)
INSERT [Bieren] ([BierNr], [Naam], [BrouwerNr], [SoortNr], [Alcohol]) VALUES (944, N'Neiges (Blanche des)', 56, 53, 4)
INSERT [Bieren] ([BierNr], [Naam], [BrouwerNr], [SoortNr], [Alcohol]) VALUES (945, N'Neuvilloise', 64, 15, 8)
INSERT [Bieren] ([BierNr], [Naam], [BrouwerNr], [SoortNr], [Alcohol]) VALUES (946, N'Ninoviet (=Noel-christmas-Weihnacht)', 118, 15, 7.2)
INSERT [Bieren] ([BierNr], [Naam], [BrouwerNr], [SoortNr], [Alcohol]) VALUES (951, N'Noel (Blanche de)', 17, 53, 4)
INSERT [Bieren] ([BierNr], [Naam], [BrouwerNr], [SoortNr], [Alcohol]) VALUES (952, N'Noel (Speciale blanche)', 91, 53, NULL)
INSERT [Bieren] ([BierNr], [Naam], [BrouwerNr], [SoortNr], [Alcohol]) VALUES (953, N'Noel (Speciale)', 100, 14, 6.4)
INSERT [Bieren] ([BierNr], [Naam], [BrouwerNr], [SoortNr], [Alcohol]) VALUES (954, N'Noel de Silenrieux', 97, 14, 7.5)
INSERT [Bieren] ([BierNr], [Naam], [BrouwerNr], [SoortNr], [Alcohol]) VALUES (955, N'Noel-christmas-Weihnacht', 118, 15, 7.2)
INSERT [Bieren] ([BierNr], [Naam], [BrouwerNr], [SoortNr], [Alcohol]) VALUES (956, N'Nonettes (Biere des)', 56, 15, 7.2)
INSERT [Bieren] ([BierNr], [Naam], [BrouwerNr], [SoortNr], [Alcohol]) VALUES (957, N'Nostra Domus (Nen)', 33, 18, 5)
INSERT [Bieren] ([BierNr], [Naam], [BrouwerNr], [SoortNr], [Alcohol]) VALUES (959, N'Nounou (=Augustijn)', 14, 15, 8)
INSERT [Bieren] ([BierNr], [Naam], [BrouwerNr], [SoortNr], [Alcohol]) VALUES (960, N'O Mac Kot (Biere de Blaton) (=Mengsel La Folie/Saison de Pipaix)', 117, 15, 7.5)
INSERT [Bieren] ([BierNr], [Naam], [BrouwerNr], [SoortNr], [Alcohol]) VALUES (961, N'O''Connell''s Dublin ale', 56, 4, 5.7)
INSERT [Bieren] ([BierNr], [Naam], [BrouwerNr], [SoortNr], [Alcohol]) VALUES (962, N'Obigeoise', 43, 18, 6.1)
INSERT [Bieren] ([BierNr], [Naam], [BrouwerNr], [SoortNr], [Alcohol]) VALUES (963, N'Ochtend kriek (Nen)', 33, 15, 7)
INSERT [Bieren] ([BierNr], [Naam], [BrouwerNr], [SoortNr], [Alcohol]) VALUES (965, N'Oelegems kruikenbier (=St. Sebastiaan grand cru)', 105, 15, 7.6)
INSERT [Bieren] ([BierNr], [Naam], [BrouwerNr], [SoortNr], [Alcohol]) VALUES (966, N'Oelegems Titsenbier (=Moinette biologique)', 37, 15, 7.5)
INSERT [Bieren] ([BierNr], [Naam], [BrouwerNr], [SoortNr], [Alcohol]) VALUES (967, N'Oeral', 32, 11, 6)
INSERT [Bieren] ([BierNr], [Naam], [BrouwerNr], [SoortNr], [Alcohol]) VALUES (968, N'Oerbier', 32, 14, 7.5)
INSERT [Bieren] ([BierNr], [Naam], [BrouwerNr], [SoortNr], [Alcohol]) VALUES (971, N'Old Musketeer', 65, 14, 7)
INSERT [Bieren] ([BierNr], [Naam], [BrouwerNr], [SoortNr], [Alcohol]) VALUES (972, N'Oliver Twist (Nen) (=Toison d''or (triple))', 4, 59, 7)
INSERT [Bieren] ([BierNr], [Naam], [BrouwerNr], [SoortNr], [Alcohol]) VALUES (973, N'Op-ale', 100, 6, 5)
INSERT [Bieren] ([BierNr], [Naam], [BrouwerNr], [SoortNr], [Alcohol]) VALUES (974, N'Ops-ale', 103, 6, 5.5)
INSERT [Bieren] ([BierNr], [Naam], [BrouwerNr], [SoortNr], [Alcohol]) VALUES (975, N'Oregon rodeo beer', 105, 8, 4.3)
INSERT [Bieren] ([BierNr], [Naam], [BrouwerNr], [SoortNr], [Alcohol]) VALUES (976, N'Orval', 78, 11, 6.2)
INSERT [Bieren] ([BierNr], [Naam], [BrouwerNr], [SoortNr], [Alcohol]) VALUES (977, N'Oud Beersel gueuze', 116, 55, 6)
INSERT [Bieren] ([BierNr], [Naam], [BrouwerNr], [SoortNr], [Alcohol]) VALUES (978, N'Oud Beersel lambik', 116, 56, 5.7)
INSERT [Bieren] ([BierNr], [Naam], [BrouwerNr], [SoortNr], [Alcohol]) VALUES (979, N'Oud Kriekenbier', 29, 18, 6.5)
INSERT [Bieren] ([BierNr], [Naam], [BrouwerNr], [SoortNr], [Alcohol]) VALUES (980, N'Oud Zottegems bier', 29, 33, 6.5)
INSERT [Bieren] ([BierNr], [Naam], [BrouwerNr], [SoortNr], [Alcohol]) VALUES (981, N'Oud Zottegems bier hergist', 29, 33, 6.8)
INSERT [Bieren] ([BierNr], [Naam], [BrouwerNr], [SoortNr], [Alcohol]) VALUES (983, N'Oudenaards wit tarwebier', 26, 53, 4.8)
INSERT [Bieren] ([BierNr], [Naam], [BrouwerNr], [SoortNr], [Alcohol]) VALUES (984, N'Oudenburgs abdijbier', 104, 14, 8)
INSERT [Bieren] ([BierNr], [Naam], [BrouwerNr], [SoortNr], [Alcohol]) VALUES (985, N'Oudenburgs bruin', 104, 14, 8)
INSERT [Bieren] ([BierNr], [Naam], [BrouwerNr], [SoortNr], [Alcohol]) VALUES (986, N'Oudenburgse tripel', 104, 59, NULL)
INSERT [Bieren] ([BierNr], [Naam], [BrouwerNr], [SoortNr], [Alcohol]) VALUES (988, N'Paasbier', 104, 14, 8)
INSERT [Bieren] ([BierNr], [Naam], [BrouwerNr], [SoortNr], [Alcohol]) VALUES (990, N'Pacques (Brassin de)', 76, 18, 6)
INSERT [Bieren] ([BierNr], [Naam], [BrouwerNr], [SoortNr], [Alcohol]) VALUES (993, N'Palm (Dobbel)', 81, 6, 5.6)
INSERT [Bieren] ([BierNr], [Naam], [BrouwerNr], [SoortNr], [Alcohol]) VALUES (994, N'Palm (Speciale)', 81, 6, 5.1)
INSERT [Bieren] ([BierNr], [Naam], [BrouwerNr], [SoortNr], [Alcohol]) VALUES (995, N'Palm green', 81, 3, 0.1)
INSERT [Bieren] ([BierNr], [Naam], [BrouwerNr], [SoortNr], [Alcohol]) VALUES (997, N'Paques (Biere de)', 13, 14, 7)
INSERT [Bieren] ([BierNr], [Naam], [BrouwerNr], [SoortNr], [Alcohol]) VALUES (998, N'Paranoia groen', 120, 18, 6.2)
INSERT [Bieren] ([BierNr], [Naam], [BrouwerNr], [SoortNr], [Alcohol]) VALUES (999, N'Paranoia roze', 120, 18, 6.2)
INSERT [Bieren] ([BierNr], [Naam], [BrouwerNr], [SoortNr], [Alcohol]) VALUES (1001, N'Parbo bier (=Pax pils)', 103, 42, 5)
INSERT [Bieren] ([BierNr], [Naam], [BrouwerNr], [SoortNr], [Alcohol]) VALUES (1002, N'Park (Abdij van ''t) bruin', 111, 14, 6.5)
INSERT [Bieren] ([BierNr], [Naam], [BrouwerNr], [SoortNr], [Alcohol]) VALUES (1003, N'Pastorijpoort Balen/Olmen (=St. Sebastiaan grand cru)', 105, 15, 7.6)
INSERT [Bieren] ([BierNr], [Naam], [BrouwerNr], [SoortNr], [Alcohol]) VALUES (1004, N'Pater brune (=Maltosa)', 51, 51, 1.4)
INSERT [Bieren] ([BierNr], [Naam], [BrouwerNr], [SoortNr], [Alcohol]) VALUES (1008, N'Pater Van Damme', 82, 14, 7.5)
INSERT [Bieren] ([BierNr], [Naam], [BrouwerNr], [SoortNr], [Alcohol]) VALUES (1009, N'Paulus', 65, 62, 5)
INSERT [Bieren] ([BierNr], [Naam], [BrouwerNr], [SoortNr], [Alcohol]) VALUES (1010, N'Pauwel Kwak', 20, 15, 8)
INSERT [Bieren] ([BierNr], [Naam], [BrouwerNr], [SoortNr], [Alcohol]) VALUES (1011, N'Pave de l''Ours (Le)', 13, 36, 8.5)
INSERT [Bieren] ([BierNr], [Naam], [BrouwerNr], [SoortNr], [Alcohol]) VALUES (1012, N'Pax pils', 103, 42, 5)
INSERT [Bieren] ([BierNr], [Naam], [BrouwerNr], [SoortNr], [Alcohol]) VALUES (1013, N'Pecheresse', 67, 31, 2.5)
INSERT [Bieren] ([BierNr], [Naam], [BrouwerNr], [SoortNr], [Alcohol]) VALUES (1014, N'Pecheresse (Petite) (=Pecheresse)', 67, 31, 3)
INSERT [Bieren] ([BierNr], [Naam], [BrouwerNr], [SoortNr], [Alcohol]) VALUES (1015, N'Pee Klak grand cru (=Zottegemse grand cru)', 29, 15, 8.4)
INSERT [Bieren] ([BierNr], [Naam], [BrouwerNr], [SoortNr], [Alcohol]) VALUES (1016, N'Pee Klak Moorsels bier', 107, 18, 5.4)
INSERT [Bieren] ([BierNr], [Naam], [BrouwerNr], [SoortNr], [Alcohol]) VALUES (1017, N'Pee Klak special', 29, 18, 6.8)
INSERT [Bieren] ([BierNr], [Naam], [BrouwerNr], [SoortNr], [Alcohol]) VALUES (1019, N'Pellainoise', 76, 15, 8)
INSERT [Bieren] ([BierNr], [Naam], [BrouwerNr], [SoortNr], [Alcohol]) VALUES (1024, N'Perle d''Hastiere  (=Bonne Esperance (Abbaye de))', 64, 15, 8)
INSERT [Bieren] ([BierNr], [Naam], [BrouwerNr], [SoortNr], [Alcohol]) VALUES (1025, N'Pertotale faro', 19, 19, 6)
INSERT [Bieren] ([BierNr], [Naam], [BrouwerNr], [SoortNr], [Alcohol]) VALUES (1026, N'Peter Benoit', 65, 14, 5)
INSERT [Bieren] ([BierNr], [Naam], [BrouwerNr], [SoortNr], [Alcohol]) VALUES (1029, N'Petouille  (=Mengsel La Folie/Saison de Pipaix)', 117, 15, 7.5)
INSERT [Bieren] ([BierNr], [Naam], [BrouwerNr], [SoortNr], [Alcohol]) VALUES (1030, N'Petrus (Triple)', 8, 59, 7.5)
INSERT [Bieren] ([BierNr], [Naam], [BrouwerNr], [SoortNr], [Alcohol]) VALUES (1031, N'Petrus oud bruin', 8, 62, 5.5)
INSERT [Bieren] ([BierNr], [Naam], [BrouwerNr], [SoortNr], [Alcohol]) VALUES (1032, N'Petrus speciale', 8, 6, 5.5)
INSERT [Bieren] ([BierNr], [Naam], [BrouwerNr], [SoortNr], [Alcohol]) VALUES (1034, N'Pick-up pils', 121, 42, 4.8)
INSERT [Bieren] ([BierNr], [Naam], [BrouwerNr], [SoortNr], [Alcohol]) VALUES (1035, N'Piedboeuf blonde', 6, 51, 1.7)
GO
print 'Processed 800 total records'
INSERT [Bieren] ([BierNr], [Naam], [BrouwerNr], [SoortNr], [Alcohol]) VALUES (1036, N'Piedboeuf blonde', 58, 51, 1.7)
INSERT [Bieren] ([BierNr], [Naam], [BrouwerNr], [SoortNr], [Alcohol]) VALUES (1037, N'Piedboeuf dubbel - foncee', 6, 51, 1.5)
INSERT [Bieren] ([BierNr], [Naam], [BrouwerNr], [SoortNr], [Alcohol]) VALUES (1038, N'Piedboeuf dubbel - foncee', 58, 51, 1.5)
INSERT [Bieren] ([BierNr], [Naam], [BrouwerNr], [SoortNr], [Alcohol]) VALUES (1039, N'Piedboeuf tripel - triple', 58, 51, 3.8)
INSERT [Bieren] ([BierNr], [Naam], [BrouwerNr], [SoortNr], [Alcohol]) VALUES (1041, N'Pierreuse', 76, 14, 8)
INSERT [Bieren] ([BierNr], [Naam], [BrouwerNr], [SoortNr], [Alcohol]) VALUES (1043, N'Pint pilsener (=Premium pilsener)', 70, 42, 5)
INSERT [Bieren] ([BierNr], [Naam], [BrouwerNr], [SoortNr], [Alcohol]) VALUES (1044, N'Pipaix (Saison de)', 117, 45, 6.5)
INSERT [Bieren] ([BierNr], [Naam], [BrouwerNr], [SoortNr], [Alcohol]) VALUES (1046, N'Pir''eye di Licint 6.5 (Li) (=Fakir)', 13, 18, 6.8)
INSERT [Bieren] ([BierNr], [Naam], [BrouwerNr], [SoortNr], [Alcohol]) VALUES (1047, N'Pir''eye di Licint 9 (Li) (=Reserve Marie de Hongrie)', 13, 15, 8.7)
INSERT [Bieren] ([BierNr], [Naam], [BrouwerNr], [SoortNr], [Alcohol]) VALUES (1048, N'Piraat', 14, 21, 10.5)
INSERT [Bieren] ([BierNr], [Naam], [BrouwerNr], [SoortNr], [Alcohol]) VALUES (1050, N'Pissenlit', 44, 18, 6)
INSERT [Bieren] ([BierNr], [Naam], [BrouwerNr], [SoortNr], [Alcohol]) VALUES (1051, N'Platzen pils (=Sernia pils)', 58, 42, 4.6)
INSERT [Bieren] ([BierNr], [Naam], [BrouwerNr], [SoortNr], [Alcohol]) VALUES (1053, N'Ploquette', 94, 15, 7.5)
INSERT [Bieren] ([BierNr], [Naam], [BrouwerNr], [SoortNr], [Alcohol]) VALUES (1054, N'Poiluchette blanche de Thy  (=Neiges (Blanche des))', 56, 53, 4)
INSERT [Bieren] ([BierNr], [Naam], [BrouwerNr], [SoortNr], [Alcohol]) VALUES (1055, N'Poiluchette blonde', 56, 15, 7.5)
INSERT [Bieren] ([BierNr], [Naam], [BrouwerNr], [SoortNr], [Alcohol]) VALUES (1056, N'Poiluchette brune', 56, 14, 7.5)
INSERT [Bieren] ([BierNr], [Naam], [BrouwerNr], [SoortNr], [Alcohol]) VALUES (1057, N'Polderbier bitter', 104, 11, 8)
INSERT [Bieren] ([BierNr], [Naam], [BrouwerNr], [SoortNr], [Alcohol]) VALUES (1058, N'Polderbier fruitig', 104, 14, 8)
INSERT [Bieren] ([BierNr], [Naam], [BrouwerNr], [SoortNr], [Alcohol]) VALUES (1060, N'Pompeschitter (De)', 65, 42, 5.3)
INSERT [Bieren] ([BierNr], [Naam], [BrouwerNr], [SoortNr], [Alcohol]) VALUES (1062, N'Pontonnierke', 104, 14, 7)
INSERT [Bieren] ([BierNr], [Naam], [BrouwerNr], [SoortNr], [Alcohol]) VALUES (1063, N'Pony stout', 8, 49, 5.5)
INSERT [Bieren] ([BierNr], [Naam], [BrouwerNr], [SoortNr], [Alcohol]) VALUES (1064, N'Poorter', 105, 14, 6.5)
INSERT [Bieren] ([BierNr], [Naam], [BrouwerNr], [SoortNr], [Alcohol]) VALUES (1065, N'Poperings hommelbier', 113, 15, 7.5)
INSERT [Bieren] ([BierNr], [Naam], [BrouwerNr], [SoortNr], [Alcohol]) VALUES (1066, N'Postel dobbel', 100, 14, 7)
INSERT [Bieren] ([BierNr], [Naam], [BrouwerNr], [SoortNr], [Alcohol]) VALUES (1067, N'Postel kerstbier', 100, 36, 8.5)
INSERT [Bieren] ([BierNr], [Naam], [BrouwerNr], [SoortNr], [Alcohol]) VALUES (1068, N'Postel tripel', 100, 59, 8)
INSERT [Bieren] ([BierNr], [Naam], [BrouwerNr], [SoortNr], [Alcohol]) VALUES (1069, N'Praile (Blonde de la)', 83, 15, 7.5)
INSERT [Bieren] ([BierNr], [Naam], [BrouwerNr], [SoortNr], [Alcohol]) VALUES (1071, N'Praile (Saison de la)', 83, 45, NULL)
INSERT [Bieren] ([BierNr], [Naam], [BrouwerNr], [SoortNr], [Alcohol]) VALUES (1073, N'Premium pilsener', 70, 42, 5)
INSERT [Bieren] ([BierNr], [Naam], [BrouwerNr], [SoortNr], [Alcohol]) VALUES (1074, N'Prik pils', 93, 42, 4.9)
INSERT [Bieren] ([BierNr], [Naam], [BrouwerNr], [SoortNr], [Alcohol]) VALUES (1075, N'Prima', 65, 51, 3)
INSERT [Bieren] ([BierNr], [Naam], [BrouwerNr], [SoortNr], [Alcohol]) VALUES (1076, N'Primeur kriek', 11, 22, 5.2)
INSERT [Bieren] ([BierNr], [Naam], [BrouwerNr], [SoortNr], [Alcohol]) VALUES (1077, N'Primus', 51, 42, 5)
INSERT [Bieren] ([BierNr], [Naam], [BrouwerNr], [SoortNr], [Alcohol]) VALUES (1078, N'Prisma pils (=Haacht pils)', 51, 42, 4.7)
INSERT [Bieren] ([BierNr], [Naam], [BrouwerNr], [SoortNr], [Alcohol]) VALUES (1079, N'Prosit pils', 20, 42, 4.8)
INSERT [Bieren] ([BierNr], [Naam], [BrouwerNr], [SoortNr], [Alcohol]) VALUES (1081, N'Pumpkin ale', 120, 15, 7)
INSERT [Bieren] ([BierNr], [Naam], [BrouwerNr], [SoortNr], [Alcohol]) VALUES (1082, N'Punch blond', 43, 33, 6.1)
INSERT [Bieren] ([BierNr], [Naam], [BrouwerNr], [SoortNr], [Alcohol]) VALUES (1083, N'Punch donker', 43, 14, 6.1)
INSERT [Bieren] ([BierNr], [Naam], [BrouwerNr], [SoortNr], [Alcohol]) VALUES (1084, N'Quenast', 64, 42, 5)
INSERT [Bieren] ([BierNr], [Naam], [BrouwerNr], [SoortNr], [Alcohol]) VALUES (1085, N'Queue de charrue', 118, 18, 5.2)
INSERT [Bieren] ([BierNr], [Naam], [BrouwerNr], [SoortNr], [Alcohol]) VALUES (1086, N'Queue de charrue blonde (=Augustijn)', 14, 15, 8)
INSERT [Bieren] ([BierNr], [Naam], [BrouwerNr], [SoortNr], [Alcohol]) VALUES (1087, N'Queue de chat', 44, 15, 8)
INSERT [Bieren] ([BierNr], [Naam], [BrouwerNr], [SoortNr], [Alcohol]) VALUES (1088, N'Quintine', 40, 11, 8)
INSERT [Bieren] ([BierNr], [Naam], [BrouwerNr], [SoortNr], [Alcohol]) VALUES (1090, N'Quintine de noel', 40, 15, 8.5)
INSERT [Bieren] ([BierNr], [Naam], [BrouwerNr], [SoortNr], [Alcohol]) VALUES (1091, N'Rabat  (=Mc Chouffe)', 1, 15, 8.5)
INSERT [Bieren] ([BierNr], [Naam], [BrouwerNr], [SoortNr], [Alcohol]) VALUES (1092, N'Rabenhaubt witbier (=Watou''s wit bier)', 113, 53, 5)
INSERT [Bieren] ([BierNr], [Naam], [BrouwerNr], [SoortNr], [Alcohol]) VALUES (1093, N'Rafexport', 28, 42, 4.5)
INSERT [Bieren] ([BierNr], [Naam], [BrouwerNr], [SoortNr], [Alcohol]) VALUES (1094, N'Raisinoise', 64, 18, 5.2)
INSERT [Bieren] ([BierNr], [Naam], [BrouwerNr], [SoortNr], [Alcohol]) VALUES (1096, N'Ras super pils (=Pax pils)', 103, 42, 5)
INSERT [Bieren] ([BierNr], [Naam], [BrouwerNr], [SoortNr], [Alcohol]) VALUES (1101, N'Redor pils', 37, 42, 6.2)
INSERT [Bieren] ([BierNr], [Naam], [BrouwerNr], [SoortNr], [Alcohol]) VALUES (1102, N'Regain (blanche)', 91, 53, 6)
INSERT [Bieren] ([BierNr], [Naam], [BrouwerNr], [SoortNr], [Alcohol]) VALUES (1103, N'Regal (Saison)', 17, 45, 6)
INSERT [Bieren] ([BierNr], [Naam], [BrouwerNr], [SoortNr], [Alcohol]) VALUES (1104, N'Regal christmas', 17, 36, 9)
INSERT [Bieren] ([BierNr], [Naam], [BrouwerNr], [SoortNr], [Alcohol]) VALUES (1105, N'Reinaert amber', 84, 18, 7)
INSERT [Bieren] ([BierNr], [Naam], [BrouwerNr], [SoortNr], [Alcohol]) VALUES (1107, N'Reinaert tripel', 84, 59, 9)
INSERT [Bieren] ([BierNr], [Naam], [BrouwerNr], [SoortNr], [Alcohol]) VALUES (1109, N'Rendux ambree', 3, 6, 7)
INSERT [Bieren] ([BierNr], [Naam], [BrouwerNr], [SoortNr], [Alcohol]) VALUES (1110, N'Rendux brune', 3, 14, 7)
INSERT [Bieren] ([BierNr], [Naam], [BrouwerNr], [SoortNr], [Alcohol]) VALUES (1111, N'Reserve Marie de Hongrie', 13, 36, 8.7)
INSERT [Bieren] ([BierNr], [Naam], [BrouwerNr], [SoortNr], [Alcohol]) VALUES (1112, N'Reserve Marie de Hongrie speciale Noel', 13, 36, 9)
INSERT [Bieren] ([BierNr], [Naam], [BrouwerNr], [SoortNr], [Alcohol]) VALUES (1113, N'Retro oude methode', 56, 18, 7)
INSERT [Bieren] ([BierNr], [Naam], [BrouwerNr], [SoortNr], [Alcohol]) VALUES (1114, N'Ridder', 65, 8, 2.2)
INSERT [Bieren] ([BierNr], [Naam], [BrouwerNr], [SoortNr], [Alcohol]) VALUES (1115, N'Rijsel triple beer ambree (=Piraat)', 14, 21, 10.5)
INSERT [Bieren] ([BierNr], [Naam], [BrouwerNr], [SoortNr], [Alcohol]) VALUES (1116, N'Riva baviere', 87, 51, 2)
INSERT [Bieren] ([BierNr], [Naam], [BrouwerNr], [SoortNr], [Alcohol]) VALUES (1117, N'Riva bruine speciale', 87, 51, 2)
INSERT [Bieren] ([BierNr], [Naam], [BrouwerNr], [SoortNr], [Alcohol]) VALUES (1118, N'Riva pils', 87, 42, 5)
INSERT [Bieren] ([BierNr], [Naam], [BrouwerNr], [SoortNr], [Alcohol]) VALUES (1119, N'Riva triple abdij', 87, 59, 7.2)
INSERT [Bieren] ([BierNr], [Naam], [BrouwerNr], [SoortNr], [Alcohol]) VALUES (1120, N'Roberg classic', 88, 15, 8)
INSERT [Bieren] ([BierNr], [Naam], [BrouwerNr], [SoortNr], [Alcohol]) VALUES (1121, N'Roberg dark', 88, 14, 8)
INSERT [Bieren] ([BierNr], [Naam], [BrouwerNr], [SoortNr], [Alcohol]) VALUES (1122, N'Roberg junior', 88, 42, 5)
INSERT [Bieren] ([BierNr], [Naam], [BrouwerNr], [SoortNr], [Alcohol]) VALUES (1123, N'Rochefort 6', 89, 14, 7.5)
INSERT [Bieren] ([BierNr], [Naam], [BrouwerNr], [SoortNr], [Alcohol]) VALUES (1124, N'Rochefort 8', 89, 36, 9.2)
INSERT [Bieren] ([BierNr], [Naam], [BrouwerNr], [SoortNr], [Alcohol]) VALUES (1125, N'Rochefort 10', 89, 36, 11.3)
INSERT [Bieren] ([BierNr], [Naam], [BrouwerNr], [SoortNr], [Alcohol]) VALUES (1126, N'Rochefortoise ambree', 90, 15, 8)
INSERT [Bieren] ([BierNr], [Naam], [BrouwerNr], [SoortNr], [Alcohol]) VALUES (1127, N'Rochefortoise blonde', 90, 33, 6.2)
INSERT [Bieren] ([BierNr], [Naam], [BrouwerNr], [SoortNr], [Alcohol]) VALUES (1129, N'Rochelle', 13, 18, 7)
INSERT [Bieren] ([BierNr], [Naam], [BrouwerNr], [SoortNr], [Alcohol]) VALUES (1130, N'Rochus', 95, 14, 4.7)
INSERT [Bieren] ([BierNr], [Naam], [BrouwerNr], [SoortNr], [Alcohol]) VALUES (1131, N'Rocs (Abbaye des)', 91, 36, 9)
INSERT [Bieren] ([BierNr], [Naam], [BrouwerNr], [SoortNr], [Alcohol]) VALUES (1133, N'Rocs speciale noel (Abbaye des)', 91, 36, 9)
INSERT [Bieren] ([BierNr], [Naam], [BrouwerNr], [SoortNr], [Alcohol]) VALUES (1134, N'Rodenbach', 92, 62, 5)
INSERT [Bieren] ([BierNr], [Naam], [BrouwerNr], [SoortNr], [Alcohol]) VALUES (1135, N'Rodenbach grand cru', 92, 62, 6.5)
INSERT [Bieren] ([BierNr], [Naam], [BrouwerNr], [SoortNr], [Alcohol]) VALUES (1136, N'Roman (Special)', 93, 61, 5.5)
INSERT [Bieren] ([BierNr], [Naam], [BrouwerNr], [SoortNr], [Alcohol]) VALUES (1137, N'Roman bleek', 93, 51, 1.2)
INSERT [Bieren] ([BierNr], [Naam], [BrouwerNr], [SoortNr], [Alcohol]) VALUES (1138, N'Roman bruin', 93, 51, 1.2)
INSERT [Bieren] ([BierNr], [Naam], [BrouwerNr], [SoortNr], [Alcohol]) VALUES (1139, N'Roman dobbelen bruinen', 93, 14, 8)
INSERT [Bieren] ([BierNr], [Naam], [BrouwerNr], [SoortNr], [Alcohol]) VALUES (1140, N'Roman export', 93, 42, 4.5)
INSERT [Bieren] ([BierNr], [Naam], [BrouwerNr], [SoortNr], [Alcohol]) VALUES (1141, N'Roman Oudenaards', 93, 61, 5.05)
INSERT [Bieren] ([BierNr], [Naam], [BrouwerNr], [SoortNr], [Alcohol]) VALUES (1142, N'Romy luxe', 93, 42, 5.6)
INSERT [Bieren] ([BierNr], [Naam], [BrouwerNr], [SoortNr], [Alcohol]) VALUES (1143, N'Romy pils', 93, 42, 5.1)
INSERT [Bieren] ([BierNr], [Naam], [BrouwerNr], [SoortNr], [Alcohol]) VALUES (1144, N'Ronsies Bommelsbier (=Moinette blonde)', 37, 15, 8.5)
INSERT [Bieren] ([BierNr], [Naam], [BrouwerNr], [SoortNr], [Alcohol]) VALUES (1145, N'Roosenberg (Abdij) (=Bornem tripel)', 14, 21, 9)
INSERT [Bieren] ([BierNr], [Naam], [BrouwerNr], [SoortNr], [Alcohol]) VALUES (1146, N'Rose de Gambrinus', 22, 56, 5)
INSERT [Bieren] ([BierNr], [Naam], [BrouwerNr], [SoortNr], [Alcohol]) VALUES (1147, N'Royal pils (=Riva pils)', 87, 42, 5)
INSERT [Bieren] ([BierNr], [Naam], [BrouwerNr], [SoortNr], [Alcohol]) VALUES (1148, N'Royal type ale', 125, 6, 5.2)
INSERT [Bieren] ([BierNr], [Naam], [BrouwerNr], [SoortNr], [Alcohol]) VALUES (1149, N'Royale blonde', 98, 51, 1.2)
INSERT [Bieren] ([BierNr], [Naam], [BrouwerNr], [SoortNr], [Alcohol]) VALUES (1150, N'Rubbel sexy lager', 56, 42, 5)
INSERT [Bieren] ([BierNr], [Naam], [BrouwerNr], [SoortNr], [Alcohol]) VALUES (1151, N'Rubens gold', 111, 33, 4.3)
INSERT [Bieren] ([BierNr], [Naam], [BrouwerNr], [SoortNr], [Alcohol]) VALUES (1152, N'Rubens rood', 17, 53, 4)
INSERT [Bieren] ([BierNr], [Naam], [BrouwerNr], [SoortNr], [Alcohol]) VALUES (1153, N'S-pils', 112, 42, 5)
INSERT [Bieren] ([BierNr], [Naam], [BrouwerNr], [SoortNr], [Alcohol]) VALUES (1154, N'Safir', 6, 42, 5)
INSERT [Bieren] ([BierNr], [Naam], [BrouwerNr], [SoortNr], [Alcohol]) VALUES (1156, N'Samson (L''ambree du)', 72, 15, 8.5)
INSERT [Bieren] ([BierNr], [Naam], [BrouwerNr], [SoortNr], [Alcohol]) VALUES (1157, N'Samwell pils (=Haacht pils)', 51, 42, 4.7)
GO
print 'Processed 900 total records'
INSERT [Bieren] ([BierNr], [Naam], [BrouwerNr], [SoortNr], [Alcohol]) VALUES (1158, N'San Michael triple', 56, 59, 6.8)
INSERT [Bieren] ([BierNr], [Naam], [BrouwerNr], [SoortNr], [Alcohol]) VALUES (1159, N'Sanctus', 74, 14, 6.8)
INSERT [Bieren] ([BierNr], [Naam], [BrouwerNr], [SoortNr], [Alcohol]) VALUES (1162, N'Sas export', 65, 42, 4)
INSERT [Bieren] ([BierNr], [Naam], [BrouwerNr], [SoortNr], [Alcohol]) VALUES (1163, N'Sas pils', 65, 42, 4.7)
INSERT [Bieren] ([BierNr], [Naam], [BrouwerNr], [SoortNr], [Alcohol]) VALUES (1164, N'Sasbrau', 65, 13, 6)
INSERT [Bieren] ([BierNr], [Naam], [BrouwerNr], [SoortNr], [Alcohol]) VALUES (1168, N'Saxo', 23, 33, 7)
INSERT [Bieren] ([BierNr], [Naam], [BrouwerNr], [SoortNr], [Alcohol]) VALUES (1169, N'Scaldienne', 43, 18, 5.5)
INSERT [Bieren] ([BierNr], [Naam], [BrouwerNr], [SoortNr], [Alcohol]) VALUES (1170, N'Schaerbeekoise', 91, 21, 9)
INSERT [Bieren] ([BierNr], [Naam], [BrouwerNr], [SoortNr], [Alcohol]) VALUES (1171, N'Schavuit dubbel (=Bornem dubbel)', 14, 14, 8)
INSERT [Bieren] ([BierNr], [Naam], [BrouwerNr], [SoortNr], [Alcohol]) VALUES (1172, N'Schavuit tripel (=Bornem tripel)', 14, 59, 9)
INSERT [Bieren] ([BierNr], [Naam], [BrouwerNr], [SoortNr], [Alcohol]) VALUES (1174, N'Schrans pater (De)', 56, 51, NULL)
INSERT [Bieren] ([BierNr], [Naam], [BrouwerNr], [SoortNr], [Alcohol]) VALUES (1175, N'Schulten Brau', 70, 42, 4.9)
INSERT [Bieren] ([BierNr], [Naam], [BrouwerNr], [SoortNr], [Alcohol]) VALUES (1177, N'Seigneurie  (=Floreffe blonde)', 64, 18, 7)
INSERT [Bieren] ([BierNr], [Naam], [BrouwerNr], [SoortNr], [Alcohol]) VALUES (1179, N'Serclaes (t'')', 64, 33, 7)
INSERT [Bieren] ([BierNr], [Naam], [BrouwerNr], [SoortNr], [Alcohol]) VALUES (1180, N'Sernia bock', 58, 51, 3.8)
INSERT [Bieren] ([BierNr], [Naam], [BrouwerNr], [SoortNr], [Alcohol]) VALUES (1181, N'Sernia brune (=C.T.S. Scotch)', 6, 14, 7.5)
INSERT [Bieren] ([BierNr], [Naam], [BrouwerNr], [SoortNr], [Alcohol]) VALUES (1182, N'Sernia pils', 58, 42, 4.6)
INSERT [Bieren] ([BierNr], [Naam], [BrouwerNr], [SoortNr], [Alcohol]) VALUES (1183, N'Setz brau', 6, 42, 6)
INSERT [Bieren] ([BierNr], [Naam], [BrouwerNr], [SoortNr], [Alcohol]) VALUES (1185, N'Sexy dubbel lager', 120, 42, 5)
INSERT [Bieren] ([BierNr], [Naam], [BrouwerNr], [SoortNr], [Alcohol]) VALUES (1186, N'Sezoens blond', 70, 33, 6)
INSERT [Bieren] ([BierNr], [Naam], [BrouwerNr], [SoortNr], [Alcohol]) VALUES (1187, N'Sezoens Europe', 70, 33, 6.5)
INSERT [Bieren] ([BierNr], [Naam], [BrouwerNr], [SoortNr], [Alcohol]) VALUES (1188, N'Sezoens quattro', 70, 5, 7)
INSERT [Bieren] ([BierNr], [Naam], [BrouwerNr], [SoortNr], [Alcohol]) VALUES (1189, N'Sherry Poesy old Beersel', 116, 55, 7)
INSERT [Bieren] ([BierNr], [Naam], [BrouwerNr], [SoortNr], [Alcohol]) VALUES (1191, N'Shopping (Blanche du) (=Charleroi (Blanche de))', 21, 53, 5)
INSERT [Bieren] ([BierNr], [Naam], [BrouwerNr], [SoortNr], [Alcohol]) VALUES (1192, N'SI Boune blonde (=Moine (triple))', 17, 15, 8)
INSERT [Bieren] ([BierNr], [Naam], [BrouwerNr], [SoortNr], [Alcohol]) VALUES (1193, N'Si Boune brune (=St. Benoit brune)', 17, 14, 6.5)
INSERT [Bieren] ([BierNr], [Naam], [BrouwerNr], [SoortNr], [Alcohol]) VALUES (1194, N'Silbrau dort urtyp', 98, 13, 6.2)
INSERT [Bieren] ([BierNr], [Naam], [BrouwerNr], [SoortNr], [Alcohol]) VALUES (1196, N'Silly (Bock)', 98, 51, 3)
INSERT [Bieren] ([BierNr], [Naam], [BrouwerNr], [SoortNr], [Alcohol]) VALUES (1197, N'Silly (Saison)', 98, 45, 5)
INSERT [Bieren] ([BierNr], [Naam], [BrouwerNr], [SoortNr], [Alcohol]) VALUES (1198, N'Silly (Scotch)', 98, 46, 8)
INSERT [Bieren] ([BierNr], [Naam], [BrouwerNr], [SoortNr], [Alcohol]) VALUES (1199, N'Silly pils', 98, 42, 5)
INSERT [Bieren] ([BierNr], [Naam], [BrouwerNr], [SoortNr], [Alcohol]) VALUES (1200, N'Silly triple bock', 98, 51, 4)
INSERT [Bieren] ([BierNr], [Naam], [BrouwerNr], [SoortNr], [Alcohol]) VALUES (1201, N'Sinaaise bok (=Bornem tripel)', 14, 36, 9)
INSERT [Bieren] ([BierNr], [Naam], [BrouwerNr], [SoortNr], [Alcohol]) VALUES (1202, N'Sinpalsken', 84, 15, 8)
INSERT [Bieren] ([BierNr], [Naam], [BrouwerNr], [SoortNr], [Alcohol]) VALUES (1203, N'Sioen Maeseycker kloosterbier', 14, 36, 11)
INSERT [Bieren] ([BierNr], [Naam], [BrouwerNr], [SoortNr], [Alcohol]) VALUES (1206, N'Ski-rodt biermuseum blonde (=St. Benoit blonde)', 17, 33, 6.5)
INSERT [Bieren] ([BierNr], [Naam], [BrouwerNr], [SoortNr], [Alcohol]) VALUES (1207, N'Ski-rodt biermuseum brune (=St. Benoit brune)', 17, 14, 6.5)
INSERT [Bieren] ([BierNr], [Naam], [BrouwerNr], [SoortNr], [Alcohol]) VALUES (1208, N'Slag lager pils', 99, 42, 4.8)
INSERT [Bieren] ([BierNr], [Naam], [BrouwerNr], [SoortNr], [Alcohol]) VALUES (1209, N'Slaghmuylder''s kerstbier', 99, 42, 5.5)
INSERT [Bieren] ([BierNr], [Naam], [BrouwerNr], [SoortNr], [Alcohol]) VALUES (1210, N'Slaghmuylder''s oud bier', 99, 51, 2.5)
INSERT [Bieren] ([BierNr], [Naam], [BrouwerNr], [SoortNr], [Alcohol]) VALUES (1211, N'Slaghmuylder''s paasbier', 99, 42, 5.5)
INSERT [Bieren] ([BierNr], [Naam], [BrouwerNr], [SoortNr], [Alcohol]) VALUES (1212, N'Slaghmuylder''s tafel hell', 99, 51, 2.5)
INSERT [Bieren] ([BierNr], [Naam], [BrouwerNr], [SoortNr], [Alcohol]) VALUES (1213, N'Slijtersbier', 126, 18, 7)
INSERT [Bieren] ([BierNr], [Naam], [BrouwerNr], [SoortNr], [Alcohol]) VALUES (1214, N'Sloeber', 93, 14, 7.5)
INSERT [Bieren] ([BierNr], [Naam], [BrouwerNr], [SoortNr], [Alcohol]) VALUES (1216, N'Slypke  (=Kapittel pater (Het))', 113, 18, 6.5)
INSERT [Bieren] ([BierNr], [Naam], [BrouwerNr], [SoortNr], [Alcohol]) VALUES (1217, N'Smisje banaan (''t)', 86, 18, 6)
INSERT [Bieren] ([BierNr], [Naam], [BrouwerNr], [SoortNr], [Alcohol]) VALUES (1218, N'Smisje dubbel (''t)', 86, 36, 9)
INSERT [Bieren] ([BierNr], [Naam], [BrouwerNr], [SoortNr], [Alcohol]) VALUES (1219, N'Smisje honingbier blond (''t)', 86, 33, 6)
INSERT [Bieren] ([BierNr], [Naam], [BrouwerNr], [SoortNr], [Alcohol]) VALUES (1220, N'Smisje honingbier donker (''t)', 86, 14, 6)
INSERT [Bieren] ([BierNr], [Naam], [BrouwerNr], [SoortNr], [Alcohol]) VALUES (1221, N'Smokkelaar (De) (=St. Paul triple)', 105, 15, 7.6)
INSERT [Bieren] ([BierNr], [Naam], [BrouwerNr], [SoortNr], [Alcohol]) VALUES (1222, N'Snoek (=Vlotbier)', 32, 18, 6.9)
INSERT [Bieren] ([BierNr], [Naam], [BrouwerNr], [SoortNr], [Alcohol]) VALUES (1223, N'Soleilmont double', 64, 14, 6.2)
INSERT [Bieren] ([BierNr], [Naam], [BrouwerNr], [SoortNr], [Alcohol]) VALUES (1225, N'Soy (Blanche de)', 44, 53, NULL)
INSERT [Bieren] ([BierNr], [Naam], [BrouwerNr], [SoortNr], [Alcohol]) VALUES (1226, N'Spar pils', 2, 42, 4.8)
INSERT [Bieren] ([BierNr], [Naam], [BrouwerNr], [SoortNr], [Alcohol]) VALUES (1227, N'Sparta pils', 14, 42, 5)
INSERT [Bieren] ([BierNr], [Naam], [BrouwerNr], [SoortNr], [Alcohol]) VALUES (1228, N'Spijtighen spelduvel (Den)', 98, 18, 6.5)
INSERT [Bieren] ([BierNr], [Naam], [BrouwerNr], [SoortNr], [Alcohol]) VALUES (1229, N'St. Adriaan kruikenbier dark (=St. Sebastiaan dark)', 105, 14, 6.9)
INSERT [Bieren] ([BierNr], [Naam], [BrouwerNr], [SoortNr], [Alcohol]) VALUES (1230, N'St. Adriaan kruikenbier grand cru (=St. Sebastiaan grand cru)', 105, 15, 7.6)
INSERT [Bieren] ([BierNr], [Naam], [BrouwerNr], [SoortNr], [Alcohol]) VALUES (1231, N'St. Adriaans kerstbier', 33, 14, 8)
INSERT [Bieren] ([BierNr], [Naam], [BrouwerNr], [SoortNr], [Alcohol]) VALUES (1232, N'St. Adriaansbier', 33, 18, 7)
INSERT [Bieren] ([BierNr], [Naam], [BrouwerNr], [SoortNr], [Alcohol]) VALUES (1234, N'St. Amandus blond Kortenbergs abdijbier', 30, 33, 5)
INSERT [Bieren] ([BierNr], [Naam], [BrouwerNr], [SoortNr], [Alcohol]) VALUES (1235, N'St. Amandus bruin Kortenbergs abdijbier', 30, 14, 8)
INSERT [Bieren] ([BierNr], [Naam], [BrouwerNr], [SoortNr], [Alcohol]) VALUES (1236, N'St. Arnoldus triple (=Riva triple abdij)', 87, 59, 7.2)
INSERT [Bieren] ([BierNr], [Naam], [BrouwerNr], [SoortNr], [Alcohol]) VALUES (1237, N'St. Benoit blonde', 17, 33, 6.5)
INSERT [Bieren] ([BierNr], [Naam], [BrouwerNr], [SoortNr], [Alcohol]) VALUES (1238, N'St. Benoit brune', 17, 14, 6.5)
INSERT [Bieren] ([BierNr], [Naam], [BrouwerNr], [SoortNr], [Alcohol]) VALUES (1239, N'St. Benoit brune (brassin special)', 17, 36, 8.5)
INSERT [Bieren] ([BierNr], [Naam], [BrouwerNr], [SoortNr], [Alcohol]) VALUES (1240, N'St. Benoit triple', 17, 59, 8)
INSERT [Bieren] ([BierNr], [Naam], [BrouwerNr], [SoortNr], [Alcohol]) VALUES (1241, N'St. Bernardus abt 12', 101, 21, 10)
INSERT [Bieren] ([BierNr], [Naam], [BrouwerNr], [SoortNr], [Alcohol]) VALUES (1242, N'St. Bernardus blond', 101, 33, 6)
INSERT [Bieren] ([BierNr], [Naam], [BrouwerNr], [SoortNr], [Alcohol]) VALUES (1243, N'St. Bernardus pater 6', 101, 14, 6.7)
INSERT [Bieren] ([BierNr], [Naam], [BrouwerNr], [SoortNr], [Alcohol]) VALUES (1244, N'St. Bernardus prior 8', 101, 14, 8)
INSERT [Bieren] ([BierNr], [Naam], [BrouwerNr], [SoortNr], [Alcohol]) VALUES (1245, N'St. Bernardus triple', 101, 59, 7.5)
INSERT [Bieren] ([BierNr], [Naam], [BrouwerNr], [SoortNr], [Alcohol]) VALUES (1246, N'St. Berthuin brune', 64, 14, 6.5)
INSERT [Bieren] ([BierNr], [Naam], [BrouwerNr], [SoortNr], [Alcohol]) VALUES (1247, N'St. Christophe blonde (=Villers-St. Ghislain blonde (Speciale))', 98, 15, 8)
INSERT [Bieren] ([BierNr], [Naam], [BrouwerNr], [SoortNr], [Alcohol]) VALUES (1248, N'St. Christophe brune (=Villers Saint-Ghislain brune (Speciale))', 98, 14, 8)
INSERT [Bieren] ([BierNr], [Naam], [BrouwerNr], [SoortNr], [Alcohol]) VALUES (1249, N'St. Denise dark (=St. Sebastiaan dark)', 105, 14, 6.9)
INSERT [Bieren] ([BierNr], [Naam], [BrouwerNr], [SoortNr], [Alcohol]) VALUES (1250, N'St. Denise grand cru (=St. Sebastiaan grand cru)', 105, 15, 7.6)
INSERT [Bieren] ([BierNr], [Naam], [BrouwerNr], [SoortNr], [Alcohol]) VALUES (1252, N'St. Feuillien blonde 1,5 l', 46, 15, 7.5)
INSERT [Bieren] ([BierNr], [Naam], [BrouwerNr], [SoortNr], [Alcohol]) VALUES (1254, N'St. Feuillien brune 1,5 l', 46, 14, 7.5)
INSERT [Bieren] ([BierNr], [Naam], [BrouwerNr], [SoortNr], [Alcohol]) VALUES (1256, N'St. Feuillien cuvee de noel (=Affligem christmas ale)', 100, 21, 9)
INSERT [Bieren] ([BierNr], [Naam], [BrouwerNr], [SoortNr], [Alcohol]) VALUES (1257, N'St. Ghislain (Abbaye de) (=Beloeil (La biere de))', 37, 15, 8.5)
INSERT [Bieren] ([BierNr], [Naam], [BrouwerNr], [SoortNr], [Alcohol]) VALUES (1259, N'St. Hermes abdijbier', 26, 15, 8)
INSERT [Bieren] ([BierNr], [Naam], [BrouwerNr], [SoortNr], [Alcohol]) VALUES (1261, N'St. Hubert', 91, 21, 9)
INSERT [Bieren] ([BierNr], [Naam], [BrouwerNr], [SoortNr], [Alcohol]) VALUES (1264, N'St. Idesbald blond', 56, 33, 6)
INSERT [Bieren] ([BierNr], [Naam], [BrouwerNr], [SoortNr], [Alcohol]) VALUES (1265, N'St. Idesbald bruin', 56, 14, 8)
INSERT [Bieren] ([BierNr], [Naam], [BrouwerNr], [SoortNr], [Alcohol]) VALUES (1266, N'St. Idesbald triple', 56, 59, 9)
INSERT [Bieren] ([BierNr], [Naam], [BrouwerNr], [SoortNr], [Alcohol]) VALUES (1267, N'St. Jozef kriekenbier', 103, 18, 5)
INSERT [Bieren] ([BierNr], [Naam], [BrouwerNr], [SoortNr], [Alcohol]) VALUES (1268, N'St. Lamvinus', 22, 55, 5)
INSERT [Bieren] ([BierNr], [Naam], [BrouwerNr], [SoortNr], [Alcohol]) VALUES (1269, N'St. Laurent double (=St. Paul double)', 105, 14, 6.9)
INSERT [Bieren] ([BierNr], [Naam], [BrouwerNr], [SoortNr], [Alcohol]) VALUES (1270, N'St. Laurent triple (=St. Paul triple)', 105, 59, 7.6)
INSERT [Bieren] ([BierNr], [Naam], [BrouwerNr], [SoortNr], [Alcohol]) VALUES (1271, N'St. Leger (=Floreffe blonde)', 64, 18, 7)
INSERT [Bieren] ([BierNr], [Naam], [BrouwerNr], [SoortNr], [Alcohol]) VALUES (1272, N'St. Lenderik', 91, 21, 9)
INSERT [Bieren] ([BierNr], [Naam], [BrouwerNr], [SoortNr], [Alcohol]) VALUES (1273, N'St. Louis cassis kir royal', 114, 64, 4.5)
INSERT [Bieren] ([BierNr], [Naam], [BrouwerNr], [SoortNr], [Alcohol]) VALUES (1274, N'St. Louis framboise', 114, 64, 4.5)
INSERT [Bieren] ([BierNr], [Naam], [BrouwerNr], [SoortNr], [Alcohol]) VALUES (1275, N'St. Louis gueuze fond tradition lambic', 114, 65, 5)
INSERT [Bieren] ([BierNr], [Naam], [BrouwerNr], [SoortNr], [Alcohol]) VALUES (1276, N'St. Louis gueuze lambic', 114, 64, 4.5)
INSERT [Bieren] ([BierNr], [Naam], [BrouwerNr], [SoortNr], [Alcohol]) VALUES (1277, N'St. Louis kriek lambic', 114, 64, 4.5)
INSERT [Bieren] ([BierNr], [Naam], [BrouwerNr], [SoortNr], [Alcohol]) VALUES (1278, N'St. Louis peche lambic', 114, 64, 3.5)
INSERT [Bieren] ([BierNr], [Naam], [BrouwerNr], [SoortNr], [Alcohol]) VALUES (1279, N'St. Monon ambree', 3, 18, 7)
INSERT [Bieren] ([BierNr], [Naam], [BrouwerNr], [SoortNr], [Alcohol]) VALUES (1281, N'St. Paul blond', 105, 33, 5.3)
INSERT [Bieren] ([BierNr], [Naam], [BrouwerNr], [SoortNr], [Alcohol]) VALUES (1282, N'St. Paul double', 105, 14, 6.9)
GO
print 'Processed 1000 total records'
INSERT [Bieren] ([BierNr], [Naam], [BrouwerNr], [SoortNr], [Alcohol]) VALUES (1283, N'St. Paul special', 105, 18, 5.5)
INSERT [Bieren] ([BierNr], [Naam], [BrouwerNr], [SoortNr], [Alcohol]) VALUES (1284, N'St. Paul triple', 105, 59, 7.6)
INSERT [Bieren] ([BierNr], [Naam], [BrouwerNr], [SoortNr], [Alcohol]) VALUES (1285, N'St. Quentin (Blanche de)', 72, 53, 4.5)
INSERT [Bieren] ([BierNr], [Naam], [BrouwerNr], [SoortNr], [Alcohol]) VALUES (1286, N'St. Quentin (Brune de)', 72, 14, 4.5)
INSERT [Bieren] ([BierNr], [Naam], [BrouwerNr], [SoortNr], [Alcohol]) VALUES (1287, N'St. Quentin (Brune de) (=St. Benoit brune (brassin special))', 17, 36, 8.5)
INSERT [Bieren] ([BierNr], [Naam], [BrouwerNr], [SoortNr], [Alcohol]) VALUES (1288, N'St. Quirin blonde  (=Fakir)', 13, 33, 6.8)
INSERT [Bieren] ([BierNr], [Naam], [BrouwerNr], [SoortNr], [Alcohol]) VALUES (1289, N'St. Quirin brune  (=Reserve Marie de Hongrie)', 13, 36, 8.7)
INSERT [Bieren] ([BierNr], [Naam], [BrouwerNr], [SoortNr], [Alcohol]) VALUES (1290, N'St. Sebastiaan dark', 105, 14, 6.9)
INSERT [Bieren] ([BierNr], [Naam], [BrouwerNr], [SoortNr], [Alcohol]) VALUES (1292, N'St. Sebastiaan grand cru', 105, 15, 7.6)
INSERT [Bieren] ([BierNr], [Naam], [BrouwerNr], [SoortNr], [Alcohol]) VALUES (1294, N'St.-Gabriel', 44, 18, 7)
INSERT [Bieren] ([BierNr], [Naam], [BrouwerNr], [SoortNr], [Alcohol]) VALUES (1295, N'Stadhuis Lommel (=St. Sebastiaan grand cru)', 105, 15, 7.6)
INSERT [Bieren] ([BierNr], [Naam], [BrouwerNr], [SoortNr], [Alcohol]) VALUES (1296, N'Star blond', 51, 2, 0.5)
INSERT [Bieren] ([BierNr], [Naam], [BrouwerNr], [SoortNr], [Alcohol]) VALUES (1297, N'Star bruin', 51, 2, 0.5)
INSERT [Bieren] ([BierNr], [Naam], [BrouwerNr], [SoortNr], [Alcohol]) VALUES (1298, N'Steedje kerstbier', 104, 14, 7.9)
INSERT [Bieren] ([BierNr], [Naam], [BrouwerNr], [SoortNr], [Alcohol]) VALUES (1299, N'Steedje special', 104, 15, 7.9)
INSERT [Bieren] ([BierNr], [Naam], [BrouwerNr], [SoortNr], [Alcohol]) VALUES (1300, N'Steedje tripel', 104, 59, 7.9)
INSERT [Bieren] ([BierNr], [Naam], [BrouwerNr], [SoortNr], [Alcohol]) VALUES (1302, N'Steenbrugge blonde (Abdij)', 50, 33, NULL)
INSERT [Bieren] ([BierNr], [Naam], [BrouwerNr], [SoortNr], [Alcohol]) VALUES (1303, N'Steenbrugge dubbel (Abdij)', 50, 14, 6.5)
INSERT [Bieren] ([BierNr], [Naam], [BrouwerNr], [SoortNr], [Alcohol]) VALUES (1304, N'Steenbrugge tripel (Abdij)', 50, 59, 8.5)
INSERT [Bieren] ([BierNr], [Naam], [BrouwerNr], [SoortNr], [Alcohol]) VALUES (1305, N'Steendonk Brabants witbier', 81, 53, 4.5)
INSERT [Bieren] ([BierNr], [Naam], [BrouwerNr], [SoortNr], [Alcohol]) VALUES (1306, N'Steenezel (=Piraat)', 14, 21, 10.5)
INSERT [Bieren] ([BierNr], [Naam], [BrouwerNr], [SoortNr], [Alcohol]) VALUES (1309, N'Steinbrau pils', 70, 42, NULL)
INSERT [Bieren] ([BierNr], [Naam], [BrouwerNr], [SoortNr], [Alcohol]) VALUES (1310, N'Stella Artois', 6, 42, 5.2)
INSERT [Bieren] ([BierNr], [Naam], [BrouwerNr], [SoortNr], [Alcohol]) VALUES (1311, N'Stella Artois dry', 6, 42, 5.5)
INSERT [Bieren] ([BierNr], [Naam], [BrouwerNr], [SoortNr], [Alcohol]) VALUES (1312, N'Stella Artois light', 6, 34, 3.4)
INSERT [Bieren] ([BierNr], [Naam], [BrouwerNr], [SoortNr], [Alcohol]) VALUES (1313, N'Stella Artois NA', 6, 3, 0.1)
INSERT [Bieren] ([BierNr], [Naam], [BrouwerNr], [SoortNr], [Alcohol]) VALUES (1314, N'Ster ale', 105, 6, 4.7)
INSERT [Bieren] ([BierNr], [Naam], [BrouwerNr], [SoortNr], [Alcohol]) VALUES (1316, N'Stille Nacht', 32, 36, 8.1)
INSERT [Bieren] ([BierNr], [Naam], [BrouwerNr], [SoortNr], [Alcohol]) VALUES (1317, N'Stoeren Bonk blond (=Augustijn)', 14, 15, 8)
INSERT [Bieren] ([BierNr], [Naam], [BrouwerNr], [SoortNr], [Alcohol]) VALUES (1318, N'Stoeren Bonk donker (=Bornem dubbel)', 14, 14, 8)
INSERT [Bieren] ([BierNr], [Naam], [BrouwerNr], [SoortNr], [Alcohol]) VALUES (1320, N'Stropken', 54, 36, 9)
INSERT [Bieren] ([BierNr], [Naam], [BrouwerNr], [SoortNr], [Alcohol]) VALUES (1321, N'Strubbe export', 107, 42, 4.2)
INSERT [Bieren] ([BierNr], [Naam], [BrouwerNr], [SoortNr], [Alcohol]) VALUES (1322, N'Strubbe faro', 107, 51, 2)
INSERT [Bieren] ([BierNr], [Naam], [BrouwerNr], [SoortNr], [Alcohol]) VALUES (1324, N'Strubbe oud bier', 107, 51, 2.1)
INSERT [Bieren] ([BierNr], [Naam], [BrouwerNr], [SoortNr], [Alcohol]) VALUES (1325, N'Strubbe pilsen', 107, 51, 2.1)
INSERT [Bieren] ([BierNr], [Naam], [BrouwerNr], [SoortNr], [Alcohol]) VALUES (1326, N'Strubbe stout', 107, 49, 5)
INSERT [Bieren] ([BierNr], [Naam], [BrouwerNr], [SoortNr], [Alcohol]) VALUES (1327, N'Student', 64, 53, 4.5)
INSERT [Bieren] ([BierNr], [Naam], [BrouwerNr], [SoortNr], [Alcohol]) VALUES (1328, N'Suma pils (=Sas pils)', 65, 42, 4.7)
INSERT [Bieren] ([BierNr], [Naam], [BrouwerNr], [SoortNr], [Alcohol]) VALUES (1329, N'Super 64', 98, 33, 5)
INSERT [Bieren] ([BierNr], [Naam], [BrouwerNr], [SoortNr], [Alcohol]) VALUES (1330, N'Super brune', 48, 51, 1.17)
INSERT [Bieren] ([BierNr], [Naam], [BrouwerNr], [SoortNr], [Alcohol]) VALUES (1331, N'Super des Fagnes (=Moine (triple))', 17, 15, 8)
INSERT [Bieren] ([BierNr], [Naam], [BrouwerNr], [SoortNr], [Alcohol]) VALUES (1333, N'Super Houblo (=Bonne Esperance (Abbaye de))', 64, 15, 8)
INSERT [Bieren] ([BierNr], [Naam], [BrouwerNr], [SoortNr], [Alcohol]) VALUES (1334, N'Super pils', 107, 42, 5)
INSERT [Bieren] ([BierNr], [Naam], [BrouwerNr], [SoortNr], [Alcohol]) VALUES (1335, N'Supra pils (=Safir)', 6, 42, 5)
INSERT [Bieren] ([BierNr], [Naam], [BrouwerNr], [SoortNr], [Alcohol]) VALUES (1336, N'Taupe (Biere de la) (=Mengsel La Folie/Saison de Pipaix)', 117, 15, 7.5)
INSERT [Bieren] ([BierNr], [Naam], [BrouwerNr], [SoortNr], [Alcohol]) VALUES (1337, N'Taverne ''t Brughuis - Muizen (=St. Sebastiaan grand cru)', 105, 15, 7.6)
INSERT [Bieren] ([BierNr], [Naam], [BrouwerNr], [SoortNr], [Alcohol]) VALUES (1338, N'Taverne Old Time - Veltem (=St. Sebastiaan grand cru)', 105, 15, 7.6)
INSERT [Bieren] ([BierNr], [Naam], [BrouwerNr], [SoortNr], [Alcohol]) VALUES (1339, N'Tea beer', 67, 31, 3)
INSERT [Bieren] ([BierNr], [Naam], [BrouwerNr], [SoortNr], [Alcohol]) VALUES (1340, N'Ter Dolen', 34, 33, 6)
INSERT [Bieren] ([BierNr], [Naam], [BrouwerNr], [SoortNr], [Alcohol]) VALUES (1341, N'Ter Dolen winterbier', 34, 14, 8)
INSERT [Bieren] ([BierNr], [Naam], [BrouwerNr], [SoortNr], [Alcohol]) VALUES (1343, N'Teugelbier', 107, 18, 5.5)
INSERT [Bieren] ([BierNr], [Naam], [BrouwerNr], [SoortNr], [Alcohol]) VALUES (1345, N'Thimougienne', 15, 15, 8)
INSERT [Bieren] ([BierNr], [Naam], [BrouwerNr], [SoortNr], [Alcohol]) VALUES (1346, N'Thouroutenaere (=Hapkin)', 68, 15, 8.5)
INSERT [Bieren] ([BierNr], [Naam], [BrouwerNr], [SoortNr], [Alcohol]) VALUES (1348, N'Tielts Tanneke (=Brunehaut villages blond)', 21, 18, 6.5)
INSERT [Bieren] ([BierNr], [Naam], [BrouwerNr], [SoortNr], [Alcohol]) VALUES (1349, N'Tilffoise', 76, 6, 7)
INSERT [Bieren] ([BierNr], [Naam], [BrouwerNr], [SoortNr], [Alcohol]) VALUES (1350, N'Timmermans blanche-wit lambic', 108, 31, 3.5)
INSERT [Bieren] ([BierNr], [Naam], [BrouwerNr], [SoortNr], [Alcohol]) VALUES (1351, N'Timmermans cassis lambic', 108, 31, 4)
INSERT [Bieren] ([BierNr], [Naam], [BrouwerNr], [SoortNr], [Alcohol]) VALUES (1352, N'Timmermans faro lambic', 108, 19, 3.5)
INSERT [Bieren] ([BierNr], [Naam], [BrouwerNr], [SoortNr], [Alcohol]) VALUES (1353, N'Timmermans framboise lambic', 108, 31, 4)
INSERT [Bieren] ([BierNr], [Naam], [BrouwerNr], [SoortNr], [Alcohol]) VALUES (1354, N'Timmermans gueuze caveau', 108, 22, 5.5)
INSERT [Bieren] ([BierNr], [Naam], [BrouwerNr], [SoortNr], [Alcohol]) VALUES (1355, N'Timmermans gueuze lambic', 108, 22, 5)
INSERT [Bieren] ([BierNr], [Naam], [BrouwerNr], [SoortNr], [Alcohol]) VALUES (1356, N'Timmermans kriek lambic', 108, 31, 4.5)
INSERT [Bieren] ([BierNr], [Naam], [BrouwerNr], [SoortNr], [Alcohol]) VALUES (1357, N'Timmermans lambic', 108, 56, 4.5)
INSERT [Bieren] ([BierNr], [Naam], [BrouwerNr], [SoortNr], [Alcohol]) VALUES (1358, N'Timmermans Lambicus', 108, 31, 4)
INSERT [Bieren] ([BierNr], [Naam], [BrouwerNr], [SoortNr], [Alcohol]) VALUES (1359, N'Timmermans peche lambic', 108, 31, 4)
INSERT [Bieren] ([BierNr], [Naam], [BrouwerNr], [SoortNr], [Alcohol]) VALUES (1365, N'Toine  (=St. Benoit blonde)', 17, 18, 6.5)
INSERT [Bieren] ([BierNr], [Naam], [BrouwerNr], [SoortNr], [Alcohol]) VALUES (1366, N'Toison d''or (triple)', 4, 59, 7.3)
INSERT [Bieren] ([BierNr], [Naam], [BrouwerNr], [SoortNr], [Alcohol]) VALUES (1367, N'Tongerlo christmas', 51, 14, 6)
INSERT [Bieren] ([BierNr], [Naam], [BrouwerNr], [SoortNr], [Alcohol]) VALUES (1369, N'Tongerlo dubbel', 51, 14, 7)
INSERT [Bieren] ([BierNr], [Naam], [BrouwerNr], [SoortNr], [Alcohol]) VALUES (1370, N'Tongerlo dubbel blond', 14, 33, 6)
INSERT [Bieren] ([BierNr], [Naam], [BrouwerNr], [SoortNr], [Alcohol]) VALUES (1371, N'Tongerlo tripel', 51, 59, 8.65)
INSERT [Bieren] ([BierNr], [Naam], [BrouwerNr], [SoortNr], [Alcohol]) VALUES (1372, N'Tonneke', 28, 6, 5)
INSERT [Bieren] ([BierNr], [Naam], [BrouwerNr], [SoortNr], [Alcohol]) VALUES (1373, N'Topmolen - Balen (=St. Sebastiaan grand cru)', 105, 15, 7.6)
INSERT [Bieren] ([BierNr], [Naam], [BrouwerNr], [SoortNr], [Alcohol]) VALUES (1374, N'Torque de Frasnes', 117, 15, 7.5)
INSERT [Bieren] ([BierNr], [Naam], [BrouwerNr], [SoortNr], [Alcohol]) VALUES (1377, N'Tourtel malt', 2, 3, 0.1)
INSERT [Bieren] ([BierNr], [Naam], [BrouwerNr], [SoortNr], [Alcohol]) VALUES (1379, N'Tradition des Moines blonde (=St. Benoit blonde)', 17, 33, 6.5)
INSERT [Bieren] ([BierNr], [Naam], [BrouwerNr], [SoortNr], [Alcohol]) VALUES (1380, N'Tradition des Moines brune (=St. Benoit brune)', 17, 14, 6.5)
INSERT [Bieren] ([BierNr], [Naam], [BrouwerNr], [SoortNr], [Alcohol]) VALUES (1381, N'Trammelantbier', 107, 15, 7)
INSERT [Bieren] ([BierNr], [Naam], [BrouwerNr], [SoortNr], [Alcohol]) VALUES (1383, N'Tremeloos Damiaanbier', 14, 18, 6.5)
INSERT [Bieren] ([BierNr], [Naam], [BrouwerNr], [SoortNr], [Alcohol]) VALUES (1384, N'Trial', 69, 51, 3.7)
INSERT [Bieren] ([BierNr], [Naam], [BrouwerNr], [SoortNr], [Alcohol]) VALUES (1385, N'Tricentenaire  (=St. Benoit blonde)', 17, 18, 6.5)
INSERT [Bieren] ([BierNr], [Naam], [BrouwerNr], [SoortNr], [Alcohol]) VALUES (1388, N'Triplor (family''s beer)', 93, 51, 3.5)
INSERT [Bieren] ([BierNr], [Naam], [BrouwerNr], [SoortNr], [Alcohol]) VALUES (1389, N'Troetsel-Niel pils (De)', 65, 42, 5)
INSERT [Bieren] ([BierNr], [Naam], [BrouwerNr], [SoortNr], [Alcohol]) VALUES (1390, N'Troublette', 23, 53, 5)
INSERT [Bieren] ([BierNr], [Naam], [BrouwerNr], [SoortNr], [Alcohol]) VALUES (1391, N'Tuborg', 6, 42, 5.8)
INSERT [Bieren] ([BierNr], [Naam], [BrouwerNr], [SoortNr], [Alcohol]) VALUES (1392, N'Tull bier', 103, 18, 5.2)
INSERT [Bieren] ([BierNr], [Naam], [BrouwerNr], [SoortNr], [Alcohol]) VALUES (1393, N'Turf (Nen) (=Augustijn)', 14, 15, 8)
INSERT [Bieren] ([BierNr], [Naam], [BrouwerNr], [SoortNr], [Alcohol]) VALUES (1394, N'TV bier', 125, 51, 3)
INSERT [Bieren] ([BierNr], [Naam], [BrouwerNr], [SoortNr], [Alcohol]) VALUES (1396, N'Ulricher lager', 49, 42, 5)
INSERT [Bieren] ([BierNr], [Naam], [BrouwerNr], [SoortNr], [Alcohol]) VALUES (1397, N'Unic-bier', 48, 51, 3.17)
INSERT [Bieren] ([BierNr], [Naam], [BrouwerNr], [SoortNr], [Alcohol]) VALUES (1400, N'Upper 19', 125, 15, 7.5)
INSERT [Bieren] ([BierNr], [Naam], [BrouwerNr], [SoortNr], [Alcohol]) VALUES (1401, N'Vaartlander 25cl & vat', 122, 15, 7.5)
INSERT [Bieren] ([BierNr], [Naam], [BrouwerNr], [SoortNr], [Alcohol]) VALUES (1402, N'Vaartlander 75cl', 122, 21, 9)
INSERT [Bieren] ([BierNr], [Naam], [BrouwerNr], [SoortNr], [Alcohol]) VALUES (1403, N'Vache (Biere) (=Mengsel La Folie/Saison de Pipaix)', 117, 15, 7.5)
INSERT [Bieren] ([BierNr], [Naam], [BrouwerNr], [SoortNr], [Alcohol]) VALUES (1404, N'Val d''Heure blonde 25 cl (=Regal (Saison))', 17, 18, 6)
INSERT [Bieren] ([BierNr], [Naam], [BrouwerNr], [SoortNr], [Alcohol]) VALUES (1405, N'Val d''Heure blonde 75cl (=Moine (triple))', 17, 15, 8)
INSERT [Bieren] ([BierNr], [Naam], [BrouwerNr], [SoortNr], [Alcohol]) VALUES (1406, N'Val d''Heure brune 25cl (=St. Benoit brune)', 17, 14, 6.5)
INSERT [Bieren] ([BierNr], [Naam], [BrouwerNr], [SoortNr], [Alcohol]) VALUES (1407, N'Val d''Heure brune 75cl (=St. Benoit brune (brassin special))', 17, 36, 8.5)
INSERT [Bieren] ([BierNr], [Naam], [BrouwerNr], [SoortNr], [Alcohol]) VALUES (1409, N'Val St. Lambert (Abbaye de) (=Moine (triple))', 17, 15, 8)
INSERT [Bieren] ([BierNr], [Naam], [BrouwerNr], [SoortNr], [Alcohol]) VALUES (1410, N'Val-Dieu (Triple de) (=Brigand)', 114, 59, 9)
INSERT [Bieren] ([BierNr], [Naam], [BrouwerNr], [SoortNr], [Alcohol]) VALUES (1413, N'Vander Linden faro', 115, 54, 4)
GO
print 'Processed 1100 total records'
INSERT [Bieren] ([BierNr], [Naam], [BrouwerNr], [SoortNr], [Alcohol]) VALUES (1414, N'Vander Linden frambozenbier', 115, 55, 7)
INSERT [Bieren] ([BierNr], [Naam], [BrouwerNr], [SoortNr], [Alcohol]) VALUES (1415, N'Vander Linden lambik', 115, 56, 6)
INSERT [Bieren] ([BierNr], [Naam], [BrouwerNr], [SoortNr], [Alcohol]) VALUES (1419, N'Vapeur legere', 117, 8, 4.5)
INSERT [Bieren] ([BierNr], [Naam], [BrouwerNr], [SoortNr], [Alcohol]) VALUES (1420, N'Vapeur rousse', 117, 14, 8)
INSERT [Bieren] ([BierNr], [Naam], [BrouwerNr], [SoortNr], [Alcohol]) VALUES (1421, N'Vedett (=Bel pils)', 74, 42, 5.3)
INSERT [Bieren] ([BierNr], [Naam], [BrouwerNr], [SoortNr], [Alcohol]) VALUES (1422, N'Vega pils', 58, 42, 5)
INSERT [Bieren] ([BierNr], [Naam], [BrouwerNr], [SoortNr], [Alcohol]) VALUES (1423, N'Veltems kruikje (''t) grand cru (=St. Sebastiaan grand cru)', 105, 15, 7.6)
INSERT [Bieren] ([BierNr], [Naam], [BrouwerNr], [SoortNr], [Alcohol]) VALUES (1425, N'Vera dubbel blond', 118, 51, 2)
INSERT [Bieren] ([BierNr], [Naam], [BrouwerNr], [SoortNr], [Alcohol]) VALUES (1426, N'Vera export', 118, 42, 4.3)
INSERT [Bieren] ([BierNr], [Naam], [BrouwerNr], [SoortNr], [Alcohol]) VALUES (1427, N'Vera ouden bruinen', 118, 51, 2)
INSERT [Bieren] ([BierNr], [Naam], [BrouwerNr], [SoortNr], [Alcohol]) VALUES (1428, N'Vera pils', 118, 42, 4.7)
INSERT [Bieren] ([BierNr], [Naam], [BrouwerNr], [SoortNr], [Alcohol]) VALUES (1429, N'Vera special', 118, 51, 2)
INSERT [Bieren] ([BierNr], [Naam], [BrouwerNr], [SoortNr], [Alcohol]) VALUES (1430, N'Verabrau urtyp', 118, 13, 4.7)
INSERT [Bieren] ([BierNr], [Naam], [BrouwerNr], [SoortNr], [Alcohol]) VALUES (1432, N'Verhaeghe echte kriek', 118, 18, 5.8)
INSERT [Bieren] ([BierNr], [Naam], [BrouwerNr], [SoortNr], [Alcohol]) VALUES (1433, N'Verhaeghe triple blond', 118, 51, 3.5)
INSERT [Bieren] ([BierNr], [Naam], [BrouwerNr], [SoortNr], [Alcohol]) VALUES (1434, N'Verlinden extra bruin', 56, 51, NULL)
INSERT [Bieren] ([BierNr], [Naam], [BrouwerNr], [SoortNr], [Alcohol]) VALUES (1435, N'Verlinden special blond', 56, 51, 1.5)
INSERT [Bieren] ([BierNr], [Naam], [BrouwerNr], [SoortNr], [Alcohol]) VALUES (1436, N'Verne en folie  (=Vapeur en folie )', 117, 15, 8)
INSERT [Bieren] ([BierNr], [Naam], [BrouwerNr], [SoortNr], [Alcohol]) VALUES (1437, N'Verne rousse  (=Vapeur rousse )', 117, 15, 8)
INSERT [Bieren] ([BierNr], [Naam], [BrouwerNr], [SoortNr], [Alcohol]) VALUES (1438, N'Verrebroekse Flip (=Augustijn)', 14, 15, 8)
INSERT [Bieren] ([BierNr], [Naam], [BrouwerNr], [SoortNr], [Alcohol]) VALUES (1439, N'Verte (tripel)', 107, 59, NULL)
INSERT [Bieren] ([BierNr], [Naam], [BrouwerNr], [SoortNr], [Alcohol]) VALUES (1440, N'Very Diest', 51, 51, 1)
INSERT [Bieren] ([BierNr], [Naam], [BrouwerNr], [SoortNr], [Alcohol]) VALUES (1441, N'Vezonnoise  (=Mengsel La Folie/Saison de Pipaix)', 117, 15, 7.5)
INSERT [Bieren] ([BierNr], [Naam], [BrouwerNr], [SoortNr], [Alcohol]) VALUES (1442, N'Vi Keute di Nameur blonde (=Floreffe blonde)', 64, 33, 7)
INSERT [Bieren] ([BierNr], [Naam], [BrouwerNr], [SoortNr], [Alcohol]) VALUES (1443, N'Vi Keute di Nameur brune (=St. Benoit brune (brassin special))', 17, 36, 8.5)
INSERT [Bieren] ([BierNr], [Naam], [BrouwerNr], [SoortNr], [Alcohol]) VALUES (1444, N'Vichtenaar', 118, 62, 4.9)
INSERT [Bieren] ([BierNr], [Naam], [BrouwerNr], [SoortNr], [Alcohol]) VALUES (1446, N'Vieille Bon-Secours blonde', 24, 15, 7.5)
INSERT [Bieren] ([BierNr], [Naam], [BrouwerNr], [SoortNr], [Alcohol]) VALUES (1448, N'Vieille des Estinnes', 37, 15, 7.5)
INSERT [Bieren] ([BierNr], [Naam], [BrouwerNr], [SoortNr], [Alcohol]) VALUES (1449, N'Vieille Salme', 1, 15, 8.5)
INSERT [Bieren] ([BierNr], [Naam], [BrouwerNr], [SoortNr], [Alcohol]) VALUES (1450, N'Vieillotte du Hurlevent  (=Moinette blonde)', 37, 15, 8.5)
INSERT [Bieren] ([BierNr], [Naam], [BrouwerNr], [SoortNr], [Alcohol]) VALUES (1451, N'Vieux Bruges blanche (=Vlaamsch wit)', 114, 53, 4.5)
INSERT [Bieren] ([BierNr], [Naam], [BrouwerNr], [SoortNr], [Alcohol]) VALUES (1452, N'Vieux Bruges framboise (=St. Louis framboisee)', 114, 22, 4.5)
INSERT [Bieren] ([BierNr], [Naam], [BrouwerNr], [SoortNr], [Alcohol]) VALUES (1453, N'Vieux Bruges gueuze lambic (=St. Louis gueuze lambic)', 114, 22, 4.5)
INSERT [Bieren] ([BierNr], [Naam], [BrouwerNr], [SoortNr], [Alcohol]) VALUES (1454, N'Vieux Bruges kriek lambic (=St. Louis kriek lambic)', 114, 22, 4.5)
INSERT [Bieren] ([BierNr], [Naam], [BrouwerNr], [SoortNr], [Alcohol]) VALUES (1455, N'Vieux Bruxelles gueuze lambic (=St. Louis gueuze lambic)', 114, 22, 4.5)
INSERT [Bieren] ([BierNr], [Naam], [BrouwerNr], [SoortNr], [Alcohol]) VALUES (1456, N'Vieux Bruxelles kriek lambic (=Wieze kriek lambic)', 125, 22, 5)
INSERT [Bieren] ([BierNr], [Naam], [BrouwerNr], [SoortNr], [Alcohol]) VALUES (1457, N'Vieux Foudre faro', 115, 54, 6)
INSERT [Bieren] ([BierNr], [Naam], [BrouwerNr], [SoortNr], [Alcohol]) VALUES (1458, N'Vieux Foudre gueuze', 115, 55, 6)
INSERT [Bieren] ([BierNr], [Naam], [BrouwerNr], [SoortNr], [Alcohol]) VALUES (1459, N'Vieux Foudre kriek', 115, 55, 6)
INSERT [Bieren] ([BierNr], [Naam], [BrouwerNr], [SoortNr], [Alcohol]) VALUES (1460, N'Vieux Temps', 6, 6, 5.5)
INSERT [Bieren] ([BierNr], [Naam], [BrouwerNr], [SoortNr], [Alcohol]) VALUES (1462, N'Viking (=Mengsel La Folie/Saison de Pipaix)', 117, 15, 7.5)
INSERT [Bieren] ([BierNr], [Naam], [BrouwerNr], [SoortNr], [Alcohol]) VALUES (1463, N'Vile Cinse (=St. Benoit brune)', 17, 18, 6.5)
INSERT [Bieren] ([BierNr], [Naam], [BrouwerNr], [SoortNr], [Alcohol]) VALUES (1467, N'Villers dubbel amber', 120, 18, 7)
INSERT [Bieren] ([BierNr], [Naam], [BrouwerNr], [SoortNr], [Alcohol]) VALUES (1468, N'Villers Saint-Ghislain blonde (Speciale)', 98, 15, 7.5)
INSERT [Bieren] ([BierNr], [Naam], [BrouwerNr], [SoortNr], [Alcohol]) VALUES (1469, N'Villers Saint-Ghislain brune (Speciale)', 98, 14, 8)
INSERT [Bieren] ([BierNr], [Naam], [BrouwerNr], [SoortNr], [Alcohol]) VALUES (1470, N'Villers triple', 120, 59, 8.5)
INSERT [Bieren] ([BierNr], [Naam], [BrouwerNr], [SoortNr], [Alcohol]) VALUES (1472, N'Vitus spezialbier (=Villers Saint-Ghislain brune (Speciale))', 98, 15, 8)
INSERT [Bieren] ([BierNr], [Naam], [BrouwerNr], [SoortNr], [Alcohol]) VALUES (1473, N'Vive vie  (=Mengsel La Folie/Saison de Pipaix)', 117, 15, 7.5)
INSERT [Bieren] ([BierNr], [Naam], [BrouwerNr], [SoortNr], [Alcohol]) VALUES (1474, N'Vlaamsch wit', 114, 53, 4.5)
INSERT [Bieren] ([BierNr], [Naam], [BrouwerNr], [SoortNr], [Alcohol]) VALUES (1475, N'Vleteren alt', 30, 5, 8)
INSERT [Bieren] ([BierNr], [Naam], [BrouwerNr], [SoortNr], [Alcohol]) VALUES (1476, N'Vleteren super 8', 30, 14, 8)
INSERT [Bieren] ([BierNr], [Naam], [BrouwerNr], [SoortNr], [Alcohol]) VALUES (1478, N'Vondel', 87, 36, 8.5)
INSERT [Bieren] ([BierNr], [Naam], [BrouwerNr], [SoortNr], [Alcohol]) VALUES (1480, N'Waas klokbier tripel', 18, 59, 8)
INSERT [Bieren] ([BierNr], [Naam], [BrouwerNr], [SoortNr], [Alcohol]) VALUES (1482, N'Waase witte', 18, 53, 5.5)
INSERT [Bieren] ([BierNr], [Naam], [BrouwerNr], [SoortNr], [Alcohol]) VALUES (1484, N'Walrave export (=Pick-up pils)', 121, 42, 4.8)
INSERT [Bieren] ([BierNr], [Naam], [BrouwerNr], [SoortNr], [Alcohol]) VALUES (1485, N'Walrave extra tafelbier', 121, 51, 2.5)
INSERT [Bieren] ([BierNr], [Naam], [BrouwerNr], [SoortNr], [Alcohol]) VALUES (1488, N'Wastobbeke (=Couckelaerschen Doedel)', 107, 18, 6)
INSERT [Bieren] ([BierNr], [Naam], [BrouwerNr], [SoortNr], [Alcohol]) VALUES (1489, N'Watermolen (Balen) (=St. Sebastiaan grand cru)', 105, 15, 7.6)
INSERT [Bieren] ([BierNr], [Naam], [BrouwerNr], [SoortNr], [Alcohol]) VALUES (1490, N'Watneys red barrel', 111, 4, 5.28)
INSERT [Bieren] ([BierNr], [Naam], [BrouwerNr], [SoortNr], [Alcohol]) VALUES (1491, N'Watneys scotch', 111, 46, 6.7)
INSERT [Bieren] ([BierNr], [Naam], [BrouwerNr], [SoortNr], [Alcohol]) VALUES (1492, N'Watou''s wit bier', 113, 53, 5)
INSERT [Bieren] ([BierNr], [Naam], [BrouwerNr], [SoortNr], [Alcohol]) VALUES (1493, N'Wellington red lion (=Watneys red barrel)', 111, 4, 5.28)
INSERT [Bieren] ([BierNr], [Naam], [BrouwerNr], [SoortNr], [Alcohol]) VALUES (1494, N'Wellington scotch ale (=Watneys scotch)', 111, 46, 6.2)
INSERT [Bieren] ([BierNr], [Naam], [BrouwerNr], [SoortNr], [Alcohol]) VALUES (1495, N'Wentelkriek (=Boon kriek)', 19, 55, 5)
INSERT [Bieren] ([BierNr], [Naam], [BrouwerNr], [SoortNr], [Alcohol]) VALUES (1497, N'West pils (=Sas pils)', 65, 42, 4.7)
INSERT [Bieren] ([BierNr], [Naam], [BrouwerNr], [SoortNr], [Alcohol]) VALUES (1499, N'Westmalle dubbel', 123, 14, 7)
INSERT [Bieren] ([BierNr], [Naam], [BrouwerNr], [SoortNr], [Alcohol]) VALUES (1500, N'Westmalle tripel', 123, 59, 9)
INSERT [Bieren] ([BierNr], [Naam], [BrouwerNr], [SoortNr], [Alcohol]) VALUES (1501, N'Westvleteren 12', 124, 36, 11)
INSERT [Bieren] ([BierNr], [Naam], [BrouwerNr], [SoortNr], [Alcohol]) VALUES (1502, N'Westvleteren 4', 124, 8, 4)
INSERT [Bieren] ([BierNr], [Naam], [BrouwerNr], [SoortNr], [Alcohol]) VALUES (1503, N'Westvleteren 6', 124, 14, 6.2)
INSERT [Bieren] ([BierNr], [Naam], [BrouwerNr], [SoortNr], [Alcohol]) VALUES (1504, N'Westvleteren 8', 124, 36, 8.1)
INSERT [Bieren] ([BierNr], [Naam], [BrouwerNr], [SoortNr], [Alcohol]) VALUES (1505, N'Wevelgemse tripel', 85, 59, NULL)
INSERT [Bieren] ([BierNr], [Naam], [BrouwerNr], [SoortNr], [Alcohol]) VALUES (1507, N'Whitbread extra stout', 6, 49, 4.5)
INSERT [Bieren] ([BierNr], [Naam], [BrouwerNr], [SoortNr], [Alcohol]) VALUES (1508, N'Whitbread pale ale', 6, 4, 5.7)
INSERT [Bieren] ([BierNr], [Naam], [BrouwerNr], [SoortNr], [Alcohol]) VALUES (1509, N'Wiel''s (=Safir)', 6, 42, 5)
INSERT [Bieren] ([BierNr], [Naam], [BrouwerNr], [SoortNr], [Alcohol]) VALUES (1510, N'Wieze christmas', 125, 14, 7.5)
INSERT [Bieren] ([BierNr], [Naam], [BrouwerNr], [SoortNr], [Alcohol]) VALUES (1511, N'Wieze export (=Wieze pils)', 125, 42, 5)
INSERT [Bieren] ([BierNr], [Naam], [BrouwerNr], [SoortNr], [Alcohol]) VALUES (1512, N'Wieze kriek lambic', 125, 60, 4.8)
INSERT [Bieren] ([BierNr], [Naam], [BrouwerNr], [SoortNr], [Alcohol]) VALUES (1513, N'Wieze pils', 125, 42, 5)
INSERT [Bieren] ([BierNr], [Naam], [BrouwerNr], [SoortNr], [Alcohol]) VALUES (1514, N'Wieze scotch 1866', 125, 46, 7)
INSERT [Bieren] ([BierNr], [Naam], [BrouwerNr], [SoortNr], [Alcohol]) VALUES (1516, N'Wilson mild stout', 14, 49, 5.1)
INSERT [Bieren] ([BierNr], [Naam], [BrouwerNr], [SoortNr], [Alcohol]) VALUES (1517, N'Witkap pater dubbele pater', 99, 14, 7)
INSERT [Bieren] ([BierNr], [Naam], [BrouwerNr], [SoortNr], [Alcohol]) VALUES (1518, N'Witkap pater stimulo', 99, 33, 6)
INSERT [Bieren] ([BierNr], [Naam], [BrouwerNr], [SoortNr], [Alcohol]) VALUES (1519, N'Witkap pater tripel', 99, 59, 7.5)
INSERT [Bieren] ([BierNr], [Naam], [BrouwerNr], [SoortNr], [Alcohol]) VALUES (1521, N'Wittekop (=Dentergems witbier - Riva blanche)', 87, 53, 5)
INSERT [Bieren] ([BierNr], [Naam], [BrouwerNr], [SoortNr], [Alcohol]) VALUES (1522, N'Woise  (=Vapeur en folie )', 117, 15, 8)
INSERT [Bieren] ([BierNr], [Naam], [BrouwerNr], [SoortNr], [Alcohol]) VALUES (1524, N'Wonder premium light beer', 74, 34, 2.3)
INSERT [Bieren] ([BierNr], [Naam], [BrouwerNr], [SoortNr], [Alcohol]) VALUES (1525, N'XX Bitter', 85, 11, NULL)
INSERT [Bieren] ([BierNr], [Naam], [BrouwerNr], [SoortNr], [Alcohol]) VALUES (1526, N'Yersekes mosselbier', 14, 18, 5)
INSERT [Bieren] ([BierNr], [Naam], [BrouwerNr], [SoortNr], [Alcohol]) VALUES (1527, N'Yperman', 65, 18, 6)
INSERT [Bieren] ([BierNr], [Naam], [BrouwerNr], [SoortNr], [Alcohol]) VALUES (1528, N'Yves pils (=Super pils)', 107, 42, 5)
INSERT [Bieren] ([BierNr], [Naam], [BrouwerNr], [SoortNr], [Alcohol]) VALUES (1529, N'Zaal Kapelhof - Rillaar (=St. Sebastiaan grand cru)', 105, 15, 7.6)
INSERT [Bieren] ([BierNr], [Naam], [BrouwerNr], [SoortNr], [Alcohol]) VALUES (1530, N'Zafke (Blanche du) (=Student)', 64, 53, 4.5)
INSERT [Bieren] ([BierNr], [Naam], [BrouwerNr], [SoortNr], [Alcohol]) VALUES (1531, N'Zandberg brau', 118, 13, 4.3)
INSERT [Bieren] ([BierNr], [Naam], [BrouwerNr], [SoortNr], [Alcohol]) VALUES (1532, N'Zatte Bie (De)', 12, 36, 9.5)
INSERT [Bieren] ([BierNr], [Naam], [BrouwerNr], [SoortNr], [Alcohol]) VALUES (1533, N'Zedelgemse Martelaar (=Dikke Mathile)', 107, 18, 6)
INSERT [Bieren] ([BierNr], [Naam], [BrouwerNr], [SoortNr], [Alcohol]) VALUES (1534, N'Zelfde (''t)', 20, 18, 6.1)
INSERT [Bieren] ([BierNr], [Naam], [BrouwerNr], [SoortNr], [Alcohol]) VALUES (1535, N'Zerewever (=Gapers bier)', 118, 18, 7)
INSERT [Bieren] ([BierNr], [Naam], [BrouwerNr], [SoortNr], [Alcohol]) VALUES (1537, N'Zotskap (=Pater Lieven)', 112, 18, 5.7)
INSERT [Bieren] ([BierNr], [Naam], [BrouwerNr], [SoortNr], [Alcohol]) VALUES (1538, N'Zottegemse grand cru', 29, 15, 8.4)
INSERT [Bieren] ([BierNr], [Naam], [BrouwerNr], [SoortNr], [Alcohol]) VALUES (1539, N'Zulte', 2, 62, 4.7)
GO
print 'Processed 1200 total records'
INSERT [Bieren] ([BierNr], [Naam], [BrouwerNr], [SoortNr], [Alcohol]) VALUES (1540, N'Zwarte Flesch (=Lamoral Degmont)', 112, 15, 8)
INSERT [Bieren] ([BierNr], [Naam], [BrouwerNr], [SoortNr], [Alcohol]) VALUES (1541, N'Zwijntje (=Augustijn)', 14, 15, 8)
INSERT [Bieren] ([BierNr], [Naam], [BrouwerNr], [SoortNr], [Alcohol]) VALUES (1542, N'Zwintje', 74, 6, 6)
INSERT [Bieren] ([BierNr], [Naam], [BrouwerNr], [SoortNr], [Alcohol]) VALUES (1543, N'Zwoele Berten (=Bornem dubbel)', 14, 14, NULL)

SET IDENTITY_INSERT [Bieren] OFF
